can,可以
the company,公司
China,中国
United States,美国
get on,进行
problem,问题
jobs,工作
the study,研究
country,国家
may,可能
need,需要
No,没有
think,认为
Said,表示
economic,经济
time,时间
Start,开始
people,人们
just now,现在
development of,发展
provide,提供
government,政府
method,方法
time,时候
use,使用
Find,发现
influences,影响
life,生活
become,成为
know,知道
project,项目
include,包括
world,世界
hope,希望
plan,计划
president,总统
Currently,目前
have to,必须
were able,能够
analysis,分析
Angola,安哥拉
occur,发生
Happening,情况
should,应该
aspect,方面
increase,增长
Brazil,巴西
the way,方式
child,孩子
organization,组织
help,帮助
get,得到
student,学生
obtain,获得
area,地区
investment,投资
technology,技术
among them,其中
Mozambique,莫桑比克
appear,出现
thing,事情
system,系统
stand by,支持
select,选择
relationship,关系
activity,活动
Claim,要求
see,看到
this year,今年
From,来自
International,国际
process,过程
tell,告诉
society,社会
design,设计
like,喜欢
Decided,决定
One hundred million U.S. dollars,亿美元
local,地方
put forward,提出
thing,东西
have,具有
information,信息
United Kingdom,英国
exist,存在
improve,提高
display,显示
product,产品
A,一种
have,拥有
data,数据
increase,增加
same,一样
ability,能力
the reason,原因
aims,目标
enterprise,企业
past,过去
Obama,奥巴马
produce,生产
important,重要
friend,朋友
accept,接受
produce,产生
set up,建立
result,结果
achieve,实现
carry on,继续
control,控制
Portugal,葡萄牙
one,之一
the University,大学
use,利用
survey,调查
stand up,起来
effect,作用
resulting in,导致
behavior,行为
change,改变
achieve,达到
Safety,安全
oil,石油
global,全球
feel,感到
bank,银行
female,女性
recent,最近
management,管理
This article,本文
service,服务
use,采用
city,城市
feel,觉得
surroundings,环境
carry out,完成
Learn,学习
ready,准备
deal with,处理
report,报告
participate,参加
Cooperation,合作
purpose,目的
last year,去年
future,未来
protocol,协议
enter,进入
application,应用
bring,带来
personnel,人员
Reported,报道
One,一家
Received,受到
culture,文化
opportunity,机会
Cause,造成
which performed,表现
exceed,超过
education,教育
political,政治
Japan Electricity,日电
maintain,保持
Japan,日本
Officer,官员
solve,解决
cut back,减少
To understanding,了解
The internet,网络
show,表明
Suggest,建议
consider,考虑
Hold,举行
success,成功
Europe,欧洲
website,网站
meeting,会议
Pointed out,指出
Russia,俄罗斯
treatment,治疗
center,中心
will not,不会
structure,结构
theory,理论
End,结束
Humanity,人类
mechanism,机构
Construction,建设
movement,运动
Africa,非洲
the film,电影
Want,想要
turn up,找到
Employee,员工
Variety,变化
value,价值
Macao,澳门
group,集团
India,印度
history,历史
SCHOOL,学校
Ten thousand U.S. dollars,万美元
discuss,讨论
Used,用于
feel,感觉
come out,出来
car,汽车
condition,条件
market,市场
Believe,相信
Become,变得
Nowadays,今天
action,行动
user,用户
basis,基础
pressure,压力
policy,政策
field,领域
factor,因素
other people,别人
protection,保护
different,不同
representative,代表
Beijing,北京
hour,小时
Level,水平
period,期间
family,家庭
model,模型
health,健康
Introduction,介绍
attention,关注
reduce,降低
Work hard,努力
Make,做出
content,内容
price,价格
event,事件
personal,个人
century,世纪
Various,各种
Features,功能
Language,语言
then,当时
whether,是否
legal,法律
form,形成
This,这种
experience,经历
Explanation,解释
expert,专家
equipment,设备
significance,意义
body,身体
expression,表达
Announced,宣布
determine,确定
go away,离开
degree,程度
worry,担心
income,收入
Cape Verde,佛得角
people,人民
funds,资金
cause,引起
Talent,才能
lie in,位于
demand,需求
food,食物
As,作为
standard,标准
experiment,实验
Facing,面临
Measures,措施
election,选举
the man,男人
note,注意
take,采取
effect,效果
Israel,以色列
willing,愿意
Resources,资源
business,业务
task,任务
game,比赛
Mr,先生
Posted,发表
France,法国
local,当地
by,通过
Iraq,伊拉克
parents,父母
participate,参与
leader,领导人
Expected,预计
photo,照片
decline,下降
Development,开发
animal,动物
attempt,试图
death,死亡
test,测试
aircraft,飞机
Get,取得
reaction,反应
story,故事
news,新闻
Make,使得
life,生命
cell,细胞
My country,我国
awareness,意识
patient,患者
will,将会
status,状态
Quantity,数量
access,访问
mode,模式
idea,想法
client,客户
Committee,委员会
buy,购买
range,范围
Guarantee,保证
prove,证明
member,成员
person,人士
Join,加入
Attack,袭击
Calculate,计算
media,媒体
risk,风险
United Nations,联合国
understanding,理解
Asia,亚洲
Sales,销售
Phone,手机
quality,质量
promote,促进
continued,持续
View,观点
attract,吸引
woman,女人
contact,联系
Observed,观察
test,试验
game,游戏
section,部分
Because of,是因为
Look for,寻找
business,商业
space,空间
create,创造
challenge,挑战
improve,改善
sign,签署
mean,意味着
digital,数字
Program,方案
war,战争
loan,贷款
reporter,记者
meaning,意思
The country,该国
allow,允许
professor,教授
Put on,放在
It is,令人
reform,改革
recognition,承认
release,发布
Implementation,实施
now,如今
speed,速度
experience,经验
crisis,危机
industry,行业
avoid,避免
domestic,国内
Discussion,探讨
transaction,交易
profession,专业
Provisions,规定
form,形式
music,音乐
Be responsible for,负责
spirit,精神
trading,贸易
mother,母亲
One,一项
make sure,确保
Doctors,医生
phenomenon,现象
simple,简单
stable,稳定
system,制度
Oppose,反对
child,儿童
biological,生物
Maputo,马普托
Iran,伊朗
At,处于
disease,疾病
team,团队
understanding,认识
English,英语
material,材料
male,男性
Description,说明
Said,说道
in conclusion,结论
period,时期
description,描述
Look,看看
Age,年代
composition,组成
power,力量
Luanda,罗安达
Germany,德国
Korea,韩国
manufacture,制造
Set up,成立
Body,身上
food,食品
Afghanistan,阿富汗
London,伦敦
the scientist,科学家
Combined,结合
Pakistan,巴基斯坦
feature,特征
recording,记录
assistance,援助
news,消息
army,军队
father,父亲
free,自由
Threats,威胁
error,错误
sound,声音
adhere to,坚持
office,办公室
EU,欧盟
Export,出口
Is,在于
thought,思想
strengthen,加强
Prime Minister,总理
boss,老板
file,文件
area,区域
nearby,附近
Features,特点
Satisfy,满足
consumer,消费者
difficult,困难
win,赢得
brain,大脑
population,人口
stage,阶段
industry,工业
try,尝试
article,文章
candidate,候选人
Announced,公布
The results show,结果表明
software,软件
restore,恢复
art,艺术
become,变成
position,位置
apple,苹果
Refuse,拒绝
program,节目
tourism,旅游
compared to,相比
Bush,布什
science,科学
supplement,补充
lose,失去
rise,上升
committed to,承诺
leadership,领导
limit,限制
course,课程
Character,角色
first name,名字
computer,电脑
Production,制作
building,建筑
works,作品
competition,竞争
airport,机场
era,时代
new York,纽约
Pay,支付
agree,同意
failure,失败
Detection,检测
engineering,工程
One,一件
colleague,同事
prediction,预测
have,有着
Heard,听到
carried out,执行
face,面对
investor,投资者
Hong Kong,香港
Shares,股份
West,西方
Used to,用来
effective,有效
agriculture,农业
fact,事实
negotiation,谈判
A,一场
Business,经营
direction,方向
Hotel,酒店
attitude,态度
young people,年轻人
South Africa,南非
gene,基因
program,程序
One,一条
know how,知识
clear,清楚
an examination,检查
magazine,杂志
Danger,危险
status,地位
spokesman,发言人
department,部门
lack of,缺乏
system,体系
Australia,澳大利亚
Chairman,主席
Washington,华盛顿
Approved,批准
strategy,战略
Reply,回答
statement,声明
video,视频
Method,办法
content,含量
Back,回到
Shanghai,上海
mobile,移动
give up,放弃
difference,差异
Object,对象
run,运行
Evaluation,评估
Author,作者
full,充满
should,应当
performance,性能
Called,称为
cost,费用
Types of,类型
clothes,衣服
enjoy,享受
phone,电话
Sitting,坐在
advertising,广告
Show,展示
tool,工具
such,这样
travel,旅行
Trigger,引发
Carry out,开展
debt,债务
President Bush,布什总统
interest,利益
around,周围
Dr.,博士
son,儿子
Syria,叙利亚
mood,情绪
Can not,不能
natural,自然
Reached,达成
Encounter,遇到
Social,社交
stop,停止
conflict,冲突
Tourists,游客
Evaluation,评价
situation,状况
Made,作出
Election,竞选
association,协会
use,运用
attack,攻击
at night,晚上
belong,属于
Policemen,警察
necessary,必要
Women,妇女
promote,推动
here,此间
North Korea,北韩
girl,女孩
Brand,品牌
Occupation,职业
week,星期
Suitable for,适合
right,权利
vote,投票
wife,妻子
Interview,采访
I will,我会
Foreign,外国
energy,能源
seek,寻求
temperature,温度
Down,下来
start up,启动
responsibility,责任
Congress,国会
arrangement,安排
TV,电视
One,一位
molecular,分子
Innovation,创新
contract,合同
damage,破坏
inside,里面
encourage,鼓励
in principle,原则
Democrats,民主党
Italy,意大利
signal,信号
age,年龄
habit,习惯
serious,严重
mechanism,机制
mom,妈妈
criticism,批评
share it,分享
hospital,医院
capital,首都
financial,金融
reason,理由
Technology,科技
month,月份
airline,航空公司
factory,工厂
training,训练
internal,内部
Make,制定
distributed,分布
land,土地
characteristic,特性
other people,其他人
operating,操作
sell,出售
One,一名
contact,接触
Given,给出
issue,发出
Adjustment,调整
communicate with,交流
John,约翰
Advantage,优势
commodity,商品
patient,病人
eye,眼睛
Republican,共和党
worldwide,全世界
read,阅读
the following,下面
concentrated,集中
public,公众
trend,趋势
drug,药物
Strategy,策略
Help,有助于
Purpose,旨在
Online,网上
senator,参议员
happy,快乐
current,当前
understand,明白
film,影片
caveat,警告
on Tuesday,周二
to cultivate,培养
concept,概念
Emphasize,强调
evidence,证据
worth it,值得
Above,上面
Application,申请
Thinking,思考
room,房间
come,来到
proportion,比例
maintain,维持
stimulate,刺激
angle,角度
estimate,估计
democracy,民主
husband,丈夫
Two kinds,两种
expand,扩大
reality,现实
easy,容易
before,以前
Spain,西班牙
Acquisition,收购
the Internet,互联网
theme,主题
platform,平台
Clinton,克林顿
family,家人
that power,权力
Involved,涉及
Number of people,人数
voter,选民
dream,梦想
worker,工人
means,手段
Close to,接近
connection,连接
authorities,当局
interest,兴趣
house,房子
colour,颜色
budget,预算
plant,植物
response,应对
scale,规模
Have something,有所
energy,能量
substance,物质
reflect,反映
balance,平衡
Mentioned,提到
doubt,怀疑
happy,幸福
position,职位
daughter,女儿
fuel,燃料
electronic,电子
the way,道路
wait,等待
on Monday,周一
minister,部长
infection,感染
loss,损失
natural gas,天然气
Sheng Pu,圣普
roll out,推出
life,人生
Yield,产量
prevent,防止
marry,结婚
pain,痛苦
index,指数
coffee,咖啡
fund,基金
Fiction,小说
As,担任
surgery,手术
background,背景
Audience,观众
Expand,展开
manager,经理
Immigration,移民
data,资料
character,人物
assets,资产
psychological,心理
practice,实践
McCain,麦凯恩
Enhance,提升
Myanmar,缅甸
Residents,居民
comment,评论
Google,谷歌
earthquake,地震
Training,培训
on Wednesday,周三
skill,技能
Stay,留下
teacher,老师
alliance,联盟
community,社区
adapt,适应
Sleep,睡眠
dialogue,对话
Imagine,想象
Process,工艺
Engaged,从事
opinion,意见
Roger that,收到
Hh,唿吁
computer,计算机
intend,打算
Image,形象
parameter,参数
Egypt,埃及
give,给予
surface,表面
before,面前
official,官方
skin,皮肤
Early,早期
Home,家里
consumption,消费
customer,顾客
Hit,打击
measuring,测量
obvious,明显
Two years,两年
College,学院
learn,学会
turn on,打开
military,军事
Feel,感受
violence,暴力
One,一部
Countries,各国
welcome,欢迎
crowd,人群
open,开放
see,看见
Wearing,穿着
Do it,做到
practice,做法
Play,发挥
Do not want to,不想
Last week,上周
lawyer,律师
Canada,加拿大
definition,定义
marriage,婚姻
The essential,关键
contain,包含
Enhanced,增强
highway,公路
flight,航班
correct,正确
reconstruction,重建
related,有关
Prohibited,禁止
speak,说话
Interview,面试
create,创建
police,警方
Put in,投入
Lisbon,里斯本
spend,花费
Grow,生长
Thursday,周四
protest,抗议
element,元素
Go,前往
process,进程
expected,预期
Set,设置
arms,武器
prevent,阻止
rule,规则
currency,货币
Portuguese,葡语
emotion,情感
Speaking,讲话
financial,财政
Employment,就业
Medical,医疗
Allegations,指控
disappear,消失
pursue,追求
application,应用程序
good,良好
benefit,好处
answer,答案
South,南部
Earth,地球
hurt,伤害
view,看法
possibility,可能性
meets the,符合
air,空气
style,风格
delegation,代表团
railway,铁路
installation,安装
athlete,运动员
Ukraine,乌克兰
Improve,改进
Go out,出去
Focus,重点
time,时刻
virus,病毒
detail,细节
ideal,理想
teacher,教师
Well done,做好
similar,类似
goods,货物
remind,提醒
Arrivals,到达
progress,进展
cause,事业
happy,高兴
Operate,运营
complex,复杂
effectiveness,效率
park,公园
God,上帝
Transfer,转移
growing up,成长
algorithm,算法
Confirmed,证实
cost,成本
wealth,财富
Looks like,显得
Organized,举办
statement,说法
Friday,周五
base,基地
Born,出生
disclose,透露
talks,会谈
perfect,完美
RMB,人民币
invite,邀请
Tradition,传统
rich,丰富
expect,期望
North,北部
constitute,构成
facility,设施
future,将来
leader,领袖
Book,本书
Ms,女士
size,大小
baby,婴儿
Performance,表演
industry,产业
obstacle,障碍
teaching,教学
thing,事物
interesting,有趣
Device,装置
search for,搜索
A,一份
guide,指导
graduate,毕业生
advisory,咨询
people,民众
Identity,身份
freed,释放
day,日子
man,男子
force,部队
achievement,成就
power,动力
Accusation,指责
core,核心
collect,收集
Shoot,拍摄
store,商店
image,图像
machine,机器
Return home,回家
tendency,倾向
Was hit,遭到
grasp,掌握
Peasants,农民
infrastructure,基础设施
independent,独立
confidence,信心
way,途径
boy,男孩
Determination,测定
spread,传播
think,想到
Regarded as,视为
trust,信任
example,例子
rely,依赖
paper,论文
Experience,体验
Above,高于
complain,抱怨
explosion,爆炸
parliament,议会
remember,记得
Be applicable,适用
distance,距离
reader,读者
group,小组
In,中有
action,动作
request,请求
Relax,放松
victory,胜利
combination,组合
Summary,摘要
Ranking,排名
celebrate,庆祝
writer,作家
Worry,担忧
College Students,大学生
reflect,体现
come back,回来
inhibition,抑制
remember,记住
eliminate,消除
suffer,遭受
change,转变
opponent,对手
foreign,国外
Fight for,争取
graduation,毕业
supply,供应
intermediate,中间
better,更好
progress,进步
anger,愤怒
next year,明年
several years,几年
Below,低于
think,以为
diagnosis,诊断
the weather,天气
maintain,维护
At that time,那时
profit,利润
modernization,现代化
Korea,朝鲜
real estate,房地产
dispute,争议
reduce,削减
newspaper,报纸
Fear,害怕
Fall in,陷入
Ethnic,民族
Score,成绩
Simultaneously,同时
contain,含有
Said,所说
symptom,症状
White House,白宫
tension,紧张
effect,效应
appointment,约会
club,俱乐部
shut down,关闭
mail,邮件
Around,身边
Jehovah,耶和华
statistics,统计
National,全国
wedding,婚礼
unit,单位
debate,辩论
Add to,添加
Supervisor,主管
love,爱情
forum,论坛
concern,关心
index,指标
morning,早上
source,来源
Construct,构建
fear,恐惧
skill,技巧
live,居住
Separated,分离
Speech,演讲
cancel,取消
stock,股票
judgment,判断
Recruitment,招聘
Years ago,年前
diamond,钻石
inferred,得出
Compare,比较
This week,本周
principle,原理
Code,代码
religion,宗教
look forward to,期待
positive,积极
Celebrity,明星
Like,像是
Wrote,写道
Countryside,农村
claim,声称
List,清单
Olympic Games,奥运会
desire,渴望
Expand,扩展
Player,球员
bear,承担
Looked,看着
sun,太阳
concentration,浓度
feeling,感情
attention,注意力
actor,演员
memory,记忆
gift,礼物
Disappointed,失望
capital,资本
Obtain,获取
employer,雇主
simulation,模拟
respect,尊重
From,是从
citizen,公民
bill,法案
Related,相关
restaurant,餐厅
manufacturer,制造商
food,粮食
Funding,资助
port,港口
soldier,士兵
Explain,阐述
topic,话题
planning,规划
electricity,电力
expenditure,支出
Business,事务
explore,探索
submit,提交
Processing,加工
optimization,优化
thinking,思维
location,地点
That way,那样
Supervision,监管
Sao Paulo,圣保罗
put up,建造
bad,糟糕
metal,金属
depending on,取决于
set off,出发
Tell,讲述
Nomination,提名
Rescue,救援
shareholder,股东
area,面积
work out,锻炼
Everyone,所有人
Respond,回应
nerve,神经
Not bad,不错
diplomatic,外交
Fall,下跌
insufficient,不足
body weight,体重
weekend,周末
survive,生存
principal,负责人
passenger,乘客
hair,头发
consultant,顾问
daily,日报
coordination,协调
Injured,受伤
damage,损害
absorb,吸收
Taiwan,台湾
moral,道德
diet,饮食
confidence,自信
modify,修改
literature,文学
talk,谈论
Talent,人才
Three years,三年
Interested,感兴趣
publishing,出版
fighting,战斗
crime,犯罪
overseas,海外
Two people,两人
bacterial,细菌
on site,现场
Child,小孩
conversation,谈话
impression,印象
Where you are,所在
entrepreneur,企业家
the same,相同
Palestine,巴勒斯坦
Familiar with,熟悉
Behind,后面
Apartment,公寓
trouble,麻烦
Implementation,实行
ten years,十年
database,数据库
aviation,航空
supporter,支持者
Named,名为
court,法庭
Thailand,泰国
in the afternoon,下午
treat,对待
Members,议员
group,群体
series,系列
prospect,前景
Reduce,减轻
Zimbabwe,津巴布韦
Armed,武装
Sign,标志
strength,强度
creation,创作
Court,法院
import,进口
huge,巨大
Headquarters,总部
With,带有
Chinese government,中国政府
rely,依靠
businessman,商人
image,图片
contribution,贡献
satisfaction,满意
thank,感谢
Go down,下去
break out,爆发
enough,足够
flight,飞行
fashion,时尚
Transformation,改造
have,具备
economist,经济学家
communication,沟通
to sum up,总结
partner,伙伴
Planting,种植
confirm,确认
Central Bank,央行
Convenience,方便
houses,房屋
attend,出席
rich,富有
Looks like,样子
growth rate,增长率
emission,发射
nature,性质
enemy,敌人
Something,某种
status quo,现状
wage,工资
position,立场
word,单词
Compared,对比
decision making,决策
Call,打电话
Consistent,一致
General Assembly,大会
Greece,希腊
transport,运输
similar,相似
anyone,任何人
set up,设立
robot,机器人
forest,森林
Suck,唿吸
rest,休息
Divided into,分为
ground,地面
ACCIDENT,事故
Watch,观看
End of the year,年底
Called,叫做
Yes,得以
encounter,遭遇
Updated,更新
Held,召开
launch,发动
Islamic,伊斯兰
On the road,路上
Influence,影响力
group,团体
soil,土壤
East Timor,东帝汶
Play,扮演
Publicity,宣传
Results,成果
two countries,两国
Control group,对照组
Earlier,早些时候
law,规律
climate,气候
enter,输入
perfect,完善
return,返回
director,主任
Block,区块
tax,税收
importance,重要性
frame,框架
Keep,保留
arrival,到来
Pollution,污染
smile,微笑
Assumptions,假设
Plus,加上
Credit,信贷
The field,场上
Happy,开心
NATO,北约
Mexico,墨西哥
overall,整体
library,图书馆
Promotion,推广
It seems,看来
physical education,体育
get rid of,摆脱
idea,理念
judge,法官
administrative,行政
forget,忘记
Hands,手中
protein,蛋白
Recognize,识别
Romney,罗姆尼
staff member,工作人员
command,命令
mechanical,机械
constitution,宪法
federal,联邦
from now on,今后
popular,流行
universe,宇宙
name,名称
blood,血液
Libya,利比亚
Talked about,谈到
clever,聪明
Concept,观念
excitation,激励
muscle,肌肉
graduate School,研究所
distribution,分配
mixing,混合
People will,人会
church,教堂
sign,迹象
wisdom,智慧
Pay attention,重视
ocean,海洋
replace,取代
Couple,夫妇
curve,曲线
generate,生成
Classmate,同学
Discussion,论述
Blog,博客
Researcher,研究者
Partner,合作伙伴
lucky,幸运
mathematics,数学
Pay,付出
sure,肯定
solution,解决方案
set,一套
deny,否认
beer,啤酒
popular,受欢迎
translation,翻译
laboratory,实验室
Attractive,吸引力
enthusiasm,热情
Cited,援引
damage,损伤
Summit,峰会
This,这场
Fans,粉丝
cover,覆盖
All over,各地
Georgia,格鲁吉亚
favorite,喜爱
Tuesday,星期二
Hopeful,有望
David,大卫
human body,人体
ceremony,仪式
in this way,如此
Muslim,穆斯林
director,导演
faith,信仰
beneficial to,有利于
break in,打破
Going,走向
Member States,成员国
Limited,有限公司
Exercise,练习
fat,脂肪
teens,青少年
Take care,照顾
version,版本
prevention,预防
expenditure,开支
defect,缺陷
Opposition,反对派
Economy,经济体
Turkey,土耳其
widely,广泛
Parents,家长
Founder,创始人
Protection,保障
Nigeria,尼日利亚
Dedicated to,致力于
money,金钱
Notice,通知
Drink,饮料
retirement,退休
human rights,人权
fiber,纤维
brothers,兄弟
anxiety,焦虑
lump sum,总额
Kenya,肯尼亚
team,球队
article,物品
He can,他会
Find out,找出
ambassador,大使
financial crisis,金融危机
potential,潜力
the host,主人
Friday,星期五
server,服务器
Creative,创意
writing,写作
California,加州
Grab,抓住
front,前面
Paris,巴黎
outside,外面
Secretary of State,国务卿
edge,边缘
Still,还会
corn,玉米
companion,伴侣
traffic,交通
legislation,立法
Scenes,场景
Terms,条款
mature,成熟
boundary,边界
Communication,通信
clothing,服装
artist,艺术家
football,足球
examination,考试
Significant,显着
George,乔治
Dollars,美元
Return,回报
young,年轻
Microsoft,微软
rule,统治
entertainment,娱乐
recovery,复苏
exploration,勘探
bar,酒吧
Rubbish,垃圾
University,高校
after,经过
Initiated,发起
behind,背后
revolution,革命
gas,气体
frequency,频率
save,保存
enjoy,欣赏
Associated,关联
open,开设
Analyst,分析师
bomb,炸弹
Savings,储蓄
confrontation,对抗
year,年度
lady,夫人
Singapore,新加坡
disaster,灾难
volunteer,志愿者
in the past,以往
Promote,促使
set up,设定
question,质疑
bread,面包
lifetime,一生
powerful,强大
shopping,购物
all around the world,世界各地
See,见到
function,函数
soul,灵魂
Designer,设计师
ingredient,成分
father,爸爸
It is very important,至关重要
Five years,五年
Paul,保罗
keep away,远离
Tourism,旅游业
Promote,推进
climate change,气候变化
shape,形状
situation,局面
foundation,基金会
engineer,工程师
Operation,运作
Intervention,干预
Aerial,空中
decoration,装饰
invention,发明
east,东部
tomorrow,明天
waste,浪费
Left,剩下
Can you?,能否
common,常见
debate,争论
Chemistry,化学
fair,公平
woman,女子
screen,屏幕
step,步骤
arrival,抵达
sunlight,阳光
repair,修复
it works,有用
Rat,大鼠
Spend it,度过
Board of Directors,董事会
Positioning,定位
Introduced,引入
income,收益
Show,展现
get over,克服
struggle,斗争
Netherlands,荷兰
The bank,该行
mining,矿业
A few more,几比
Los Angeles,洛杉矶
situation,形势
Supervision,监督
Authorized,授权
Monday,星期一
interference,干扰
form,形态
extend,延长
Dilemma,困境
force,迫使
edit,编辑
Four years,四年
gender,性别
President,总裁
campus,校园
Gaza,加沙
On the ground,地上
champion,冠军
business,生意
glass,玻璃
protein,蛋白质
cash,现金
on Saturday,周六
situation,局势
optimism,乐观
the difference,区别
Variety,品种
energy,精力
determination,决心
external,外部
the latter,后者
real,真实
A week,一周
vehicle,车辆
museum,博物馆
cancer,癌症
opportunity,机遇
Traveler,旅客
wine,葡萄酒
One,一只
Already,已有
job seeker,求职者
fruit,水果
accelerate,加快
interest rate,利率
Easy,轻松
Heart,心里
resume,简历
as a result of,后果
Specified,指定
resignation,辞职
Mainly,为主
transfer,传递
west,西部
soon,不久
next to,旁边
vegetables,蔬菜
cost,代价
Operator,运营商
Player,选手
smart phone,智能手机
No,并非
Developing countries,发展中国家
charm,魅力
instead,代替
Space,太空
decline,衰退
Surprised,惊讶
vitality,活力
prosperity,繁荣
housing,住房
gold,黄金
exchange,交换
track,轨道
bicycle,自行车
zone,地带
Total,共有
pain,疼痛
convince,说服
ease,缓解
black,黑色
registered,注册
king,国王
Praia,普拉亚
proposal,提议
route,航线
Sanctions,制裁
Text,文字
quality,品质
nutrition,营养
Period,为期
alcohol,酒精
dissatisfied,不满
prince,王子
in vivo,体内
Brown,布朗
active,活性
Mining,开采
property,财产
package,包装
driver,司机
in contrast,相反
Vietnam,越南
Time,时光
Rendered,呈现
around,围绕
expansion,扩张
object,物体
Mouse,小鼠
specification,规范
Recently,近期
black,黑人
structure,构造
vocabulary,词汇
construction,施工
table,桌子
Business,商务
unfortunately,不幸
verification,验证
American government,美国政府
This class,此类
adventure,冒险
change,变革
lack,缺少
confusion,混乱
come,过来
Into,走进
song,歌曲
reveal,揭示
Stay in,留在
General,将军
kitchen,厨房
heart,内心
combustion,燃烧
summer,夏天
Gates,盖茨
Memories,回忆
sufficient,足以
chat,交谈
List,名单
size,尺寸
Impact,冲击
general election,大选
contradiction,矛盾
beautiful,美丽
Hydropower station,水电站
return,回归
corruption,腐败
World Bank,世界银行
drop out,退出
mood,心情
map,地图
Swim,游泳
Bankruptcy,破产
scholar,学者
Equivalent to,相当于
condemn,谴责
Features,特色
Nature,本质
development,发育
unique,独特
normal,正常
The results show,结果显示
philosophy,哲学
It is said that,听说
Face,脸上
Visit,参观
Sudan,苏丹
extract,提取
taste,味道
terrorism,恐怖主义
Blood vessels,血管
Kill,杀死
Turn,转向
The country,本国
happy,愉快
youth,青年
Chairman,董事长
Gundam,高达
claim,宣称
Competitors,竞争对手
Add it,加以
Play,起到
Rise,升高
Thursday,星期四
test,检验
bear,承受
mark,标记
Bonds,债券
Get it,拿到
heart,心脏
assist,协助
employee,雇员
last month,上个月
investment bank,投资银行
reference,参考
satellite,卫星
Conversion,转化
casino,赌场
Clean up,清理
socialism,社会主义
train,火车
military,军方
deploy,部署
Million people,万人
species,种类
US military,美军
in the morning,早晨
go to bed,睡觉
fierce,激烈
monitor,监测
coal,煤炭
Nothing,毫无
color,色彩
Deformation,变形
prominent,突出
exchange rate,汇率
send,发送
divorce,离婚
festival,节日
Out,走出
Ecology,生态
Account,账户
missile,导弹
victim,受害者
regime,政权
assistant Manager,助理
Through,穿过
occupy,占据
middle East,中东
Death,丧生
Hollywood,好莱坞
toy,玩具
deterioration,恶化
fate,命运
A group,一组
Michael,迈克尔
meeting,会晤
Gather together,聚集
burden,负担
raw material,原料
Disagreement,分歧
Symbol,象征
urge,敦促
Frustrated,沮丧
recommend,推荐
Bridge,大桥
Old man,老人
strong,强烈
Judgment,审判
prison,监狱
View,查看
track,跟踪
Kind of,那种
Sunday,周日
get together,聚会
Falling,下滑
Pretty,漂亮
stress,应力
character,性格
Insurance,保险
One,一座
Site,部位
equality,平等
Neglect,忽视
e-mail,电子邮件
books,书籍
battery,电池
Crazy,疯狂
family,家族
queen,女王
Implied,暗示
Giant,巨头
Cost,耗资
Go to work,上班
comply with,遵守
Fusion,融合
Review,审查
Configuration,配置
Executives,高管
health,卫生
ask,询问
guide,引导
rock,岩石
Two,两位
central,中央
production,制成
MOP,澳门元
Species,物种
World Cup,世界杯
date,日期
courage,勇气
physical,物理
phrase,短语
chocolate,巧克力
accident,意外
for many years,多年
coastal,海岸
Cognition,认知
Participants,参与者
news agency,通讯社
unemployment,失业
Heart,心中
International Monetary Fund,国际货币基金组织
Efficacy,疗效
logic,逻辑
Marketing,营销
Sunday,星期天
manufacturer,生产商
Wednesday,星期三
Take it out,拿出
put off,推迟
pipeline,管道
Discover yourself,发现自己
Years,年间
Central,中部
hero,英雄
Putin,普京
yesterday,昨天
Think about it,想想
difficult,艰难
Senate,参议院
cycle,循环
occasion,场合
pissed off,生气
Advocate,主张
List,列表
Name,名叫
Died,去世
strange,奇怪
Conversion,转换
refugee,难民
Christmas,圣诞节
synthesis,合成
Entrepreneurship,创业
Cheaper,便宜
telecommunications,电信
Focus,专注
clear,明确
Consortium,财团
Take action,采取行动
length,长度
Passion,激情
commemorate,纪念
Speech,言论
Holiday,假期
preparation,制备
arrest,逮捕
destination,目的地
TV station,电视台
Tumor,肿瘤
qualifications,资格
breakfast,早餐
case,案件
Jesus,耶稣
Hinder,阻碍
Beyond,超越
this,这项
litigation,诉讼
Weibo,微博
density,密度
limited,有限
such as,之类
farm,农场
political party,政党
Drive,开车
Fly to,飞往
personality,个性
flow,流动
violation,违反
Be careful,小心
punishment,惩罚
stability,稳定性
hate,讨厌
advantage,优点
main body,主体
foam,泡沫
ignore,忽略
Competitiveness,竞争力
Ireland,爱尔兰
In-depth,深入
maritime,海上
R & D,研发
suicide,自杀
storage,存储
place,场所
race,种族
Put it,放到
credit card,信用卡
try,设法
Beautiful,美好
attempt,企图
Hamas,哈马斯
street,街道
Leading,领先
Excited,兴奋
emission,排放
Concrete,混凝土
Salary,薪酬
Peter,彼得
Two,两名
newborn,新生
focus,焦点
Rome,罗马
Miss,小姐
Case,案例
Cooperation,配合
William,威廉
Its,旗下
Elected,当选
accurate,准确
Attributes,属性
in accordance with,依据
Give,赋予
engine,发动机
grow up,长大
measure,衡量
flat,平板
poor,贫困
soldier,军人
Build,修建
Rebel,叛军
harm,危害
rocket,火箭
Doctrine,主义
text,文本
Finance,财务
Suitable,合适
Development,研制
Output,输出
Level,层面
Atlantic,大西洋
accelerate,加速
at this time,此时
Instance,实例
adjust,调节
support,支撑
cycle,周期
One,一篇
border,边境
High school,高中
restaurant,餐馆
Carla,卡拉
accumulation,积累
Business school,商学院
Granules,颗粒
strict,严格
download,下载
seed,种子
Solve the problem,解决问题
reliable,可靠
malfunction,故障
upgrade,升级
Recognized,认可
Reluctant,不愿
local,本地
cake,蛋糕
friendship,友谊
Inspected,考察
this month,本月
special,特殊
Switzerland,瑞士
life,寿命
Case,病例
Team,队伍
Two,两家
reward,奖励
plastic,塑料
save,拯救
That day,那天
clinical,临床
active,活跃
storm,风暴
Building,大楼
obligation,义务
Eurozone,欧元区
Nuclear weapons,核武器
Guy,家伙
Bill,比尔
finger,手指
vessel,船只
sky,天空
medicine,医学
Give it to,交给
milk,牛奶
evolution,进化
pleasure,乐趣
mind,头脑
Taliban,塔利班
factor,因子
Soviet Union,苏联
vote,选票
Visual,视觉
eat,吃饭
break down,分解
exclude,排除
The guests,客人
proxy,代理
Browse,浏览
Comfortable,舒服
shared,共享
Adults,成年人
system,体制
Increase,加大
job opportunity,就业机会
Mainland,内地
Bra,布拉
EUR,欧元
excitation,激发
gap,差距
Somalia,索马里
Logistics,物流
Hillary,希拉里
Sao Tome and Principe,圣多美和普林西比
Governed,执政
Remember,想起
heart disease,心脏病
Financing,融资
Arab,阿拉伯
terrorist,恐怖分子
At,处在
band,乐队
child,子女
Comfortable,舒适
desire,愿望
Activists,激进分子
classification,分类
Berg,伯格
Smoking,吸烟
Process,流程
collapse,崩溃
civilian,平民
laser,激光
Bed,床上
Feedback,反馈
serum,血清
situation,情形
Moscow,莫斯科
navy,海军
label,标签
reasonable,合理
move,举动
Governor,州长
apologize,道歉
great,伟大
lose weight,减肥
Benefit,受益
show,演出
With,搭配
idea,主意
near,靠近
prompt,提示
inform,告知
listen,倾听
Environmental protection,环保
judicial,司法
premise,前提
poverty,贫穷
Dam,大坝
Quote,引用
monitor,监控
it will,它会
constraint,约束
Same day,当天
vaccine,疫苗
truck,卡车
Exports,出口额
be quiet,安静
salary,薪水
Academic,学术
response,响应
freshwater,淡水
Developed countries,发达国家
strength,实力
rural,乡村
communication,通讯
Reply,回复
dynamic,动态
Clear,清除
As,当作
mechanism,机理
Federal Reserve,美联储
men and women,男女
Host,主持
Kate,凯特
Detached,脱离
reward,收获
Pick,挑选
CEO,首席执行官
operation,作业
Rice,赖斯
Genetic,遗传
at home,家中
meet,会见
pier,码头
Document,文档
equation,方程
The body,尸体
Ancient,古代
Workplace,职场
Say it,时说
The item,该项
Republican,共和党人
ancient,古老
drive,驾驶
Smith,史密斯
Rotate,旋转
profound,深刻
Listed,列出
First half,上半年
singer,歌手
complete,完整
Couples,夫妻
Play,播放
page,页面
boss,上司
beef,牛肉
This part,这部
disturbed,不安
church,教会
Order,订单
patent,专利
Screen,画面
AIDS,艾滋病
scanning,扫描
Transliteration,音译
Reported,报导
route,路线
Residential,住宅
pregnancy,怀孕
Lost,丧失
product,产物
Job search,求职
I can,我能
practice,实习
Malaysia,马来西亚
As,看作
Suffering,患有
breakthrough,突破
Clear,清晰
Duty,职责
mouse,老鼠
sensor,传感器
just,公正
sequence,序列
James,詹姆斯
Barcelona,巴萨
Scotland,苏格兰
Consumption,消耗
track,追踪
Protesters,抗议者
outside world,外界
deceive,欺骗
Tom,汤姆
electricity company,电力公司
Call it,称之为
Governance,治理
town,城镇
Solar energy,太阳能
drive,驱动
sample,样品
Three kinds,三种
password,密码
season,季节
sacrifice,牺牲
license,许可
Invasion,入侵
Vacation,度假
Lens,镜头
the term,期限
Sales,销量
career,职业生涯
This move,此举
labor force,劳动力
pet,宠物
intelligent,智能
box office,票房
weekly,每周
Built,建成
unemployment rate,失业率
Norway,挪威
appointment,任命
post,岗位
Performance,业绩
percentage point,百分点
individual,个体
inflation,通货膨胀
review,回顾
Delivered to,送到
neighbor,邻居
Girls,女生
Start,着手
hide,隐藏
Do something,做些
visa,签证
User,网友
beat,击败
manufacturing,制造业
reason,理性
Hire,雇佣
Democrats,民主党人
GDP,国内生产总值
Mrs,太太
problem,难题
motivation,动机
distinguish,区分
Treat,看待
Value,数值
appropriate,适当
Jack,杰克
Out of,出于
Deal with,对付
obesity,肥胖
soul,心灵
birds,鸟类
Party,派对
celebrity,名人
tobacco,烟草
imitate,模仿
English,英文
Respondents,受访者
strengthen,强化
Foreigner,外国人
courtesy,礼貌
weight,重量
British,英国人
nose,鼻子
Beyond,超出
Values,价值观
stage,舞台
on Saturday,星期六
Voice of America,美国之音
Secretary General,秘书长
Nursing,护理
cautious,谨慎
Model 煳,模煳
Chinese,中文
radiation,辐射
coach,教练
At home and abroad,国内外
awkward,尴尬
One,一台
Shock,震惊
issue,议题
Troubled,困扰
make up,补偿
calm,平静
how is it,如何
proud,骄傲
neighboring countries,邻国
General meeting,总会
deficit,赤字
proposal,提案
lunch,午餐
miss,错过
belief,信念
Jobs,乔布斯
Learned,学到
overall,总体
Good at,擅长
Amazon,亚马逊
Carl,卡尔
share price,股价
Alternative,替代
reserve,储备
baby,宝宝
termination,终止
Early,初期
civilization,文明
grateful,感激
dynamics,动力学
Players,玩家
labor,劳动
name,命名
indoor,室内
Exposed,暴露
atmosphere,气氛
ish,般的
Apple company,苹果公司
crop,作物
atom,原子
audience,听众
Accompanied,伴随
know,懂得
cement,水泥
Negotiation,协商
Universal,通用
Martin,马丁
Chicago,芝加哥
Mike,麦克
to chat with,聊天
frequency,次数
clean,干净
beach,海滩
outstanding,出色
Valley,河谷
Create,打造
mark,马克
Samsung,三星
purchase,采购
lonely,孤独
meet,见面
High-level,高层
England,英格兰
Provided,设在
expression,表情
rapid,迅速
mortgage,抵押
basin,盆地
Human Resources,人力资源
Guangzhou,广州
summer,夏季
Big city,大城市
Issued,发放
Increase,增大
despair,绝望
grammar,语法
House of Representatives,众议院
injection,注射
Birth,诞生
long,长期
fixed,固定
mayor,市长
TV show,电视节目
Go up,上去
Bring to,带到
White people,白人
All parties,各方
square,广场
A paragraph,一段
group,一群
seat,座位
aisle,通道
supplier,供应商
Two weeks,两周
Say it,地说
Steel,钢铁
street,街头
Observation,观测
Oxidation,氧化
hunger,饥饿
Divided,划分
Hill,希尔
Immune,免疫
look,目光
tribe,部落
malaria,疟疾
Furniture,家具
amazing,惊人
convey,传达
hardware,硬件
Win,获胜
Control,对照
Bachelor of Science,学位
coefficient,系数
Kerry,克里
transmission,传输
see,看出
terror,恐怖
chair,椅子
Geology,地质
Say it,说出
Baggage,行李
Argentina,阿根廷
floor,地板
follow,遵循
engine,引擎
Manager,管理者
welfare,福利
license,许可证
Move,举措
Registration,登记
Said,中说
assembly,集会
Love,热爱
Not,不敢
Module,模块
dark,黑暗
Two days,两天
hold,持有
procrastination,拖延
Violation,侵犯
copy,复制
psychology,心理学
equipment,装备
researcher,研究员
diabetes,糖尿病
address,地址
Come in,进来
Finance minister,财政部长
favorable,有利
birthday,生日
The film,该片
Bit,比特
injection,注入
resolution,决议
Indonesia,印尼
in love,恋爱
unit,单元
joy,欢乐
pilot,飞行员
dispersion,分散
For example,为例
edible,食用
Lifted,解除
One,一支
economic recession,经济衰退
Run,运转
building,建筑物
Robert,罗伯特
carry,携带
Financial Institutions,金融机构
treaty,条约
Willingness,意愿
Soy,大豆
Take,服用
bedroom,卧室
double,两倍
Colombia,哥伦比亚
channel,渠道
embrace,拥抱
more than the,大于
Christmas,圣诞
is having a,有个
elasticity,弹性
Contemporary,当代
Appearance,外表
banking,银行业
Stay,停留
community,共同体
clean,清洁
Difficult,很难
collection,采集
defense,防御
destroy,摧毁
Pay attention,注重
antibody,抗体
Cuba,古巴
Slow down,放缓
fluctuation,波动
Record,纪录
joke,开玩笑
Mary,玛丽
Nano,纳米
profit,盈利
repeat,重复
fulfill,履行
Narrative,叙述
sort out,整理
dose,剂量
Agree,认同
fraction,分数
physiological,生理
credit,信用
feasible,可行
Gaming industry,博彩业
ally,盟友
overthrow,推翻
depth,深度
Give it,予以
get along,相处
Olympic Games,奥运
Exacerbated,加剧
Evenly,均匀
Sources,消息人士
matrix,矩阵
stone,石头
winter,冬季
Heat,热量
very long,很长
transition,过渡
guess,猜测
Prosecute,起诉
Financial market,金融市场
Today,当今
rise,上涨
sensitive,敏感
Sales,销售额
shape,塑造
Mali,马里
Countermeasures,对策
order,顺序
difference,差别
hostel,旅馆
Make money,赚钱
Speaking,发言
Imagine,设想
Supermarket,超市
Communication,交往
simulation,仿真
Lebanon,黎巴嫩
Circuit,电路
Several,几种
based on,基于
sympathy,同情
window,窗户
artery,动脉
Guinea-Bissau,几内亚比绍
Ford,福特
Sweden,瑞典
Men,男士
Expansion,扩建
Exhibition,展会
sit down,坐下
Various types,各类
correspond,对应
enjoy,享有
Fight,作战
go to school,上学
get away,逃离
corrosion,腐蚀
then,当年
hurricane,飓风
term of office,任期
assimilate into,融入
strike,罢工
link,链接
crude,原油
Deposition,沉积
Daily life,日常生活
Excuse,借口
grade,等级
store,储存
Homosexuality,同性恋
subsidy,补贴
interactive,互动
liquid,液体
shirt,衬衫
prayer,祈祷
Conference,发布会
tonight,今晚
excellent,优秀
garden,花园
node,节点
terrible,可怕
sovereignty,主权
honest,诚实
delete,删除
meaning,含义
End of month,月底
Prevention and treatment,防治
wheat,小麦
Have the right,有权
Bidding,招标
letter,字母
Identification,鉴定
new Year,新年
Staff,职员
Shoes,鞋子
Wall Street,华尔街
Iron ore,铁矿石
flood,洪水
plot,情节
separate,分开
The World Bank,世行
Secondary school,中学
Shrink,缩小
adult,成人
privacy,隐私
intelligence,情报
occupied,占领
Album,专辑
Moon,月球
Expect,指望
village,村庄
Board,登上
dance,舞蹈
Barak,巴拉克
egg,鸡蛋
safety,安全性
winter,冬天
One,一所
transport,运送
Jackson,杰克逊
patient,耐心
Native,本土
Discount,优惠
poet,诗人
To a certain degree,某种程度
Handle,应付
Jeff,杰夫
This matter,此事
Vitamins,维生素
make up,弥补
desire,欲望
Rate,房价
lovely,可爱
stock market,股市
receive,接收
sucrose,蔗糖
civil war,内战
level,级别
Reorganization,重组
Food,美食
describe,形容
regret,遗憾
commercial Bank,商业银行
recently,近日
politician,政客
shorten,缩短
irony,讽刺
inspiration,灵感
Trees,树木
dinner,晚餐
Globalization,全球化
tragedy,悲剧
Diversity,多样性
Lover,爱好者
United,团结
partisan,党派
Tokyo,东京
Part,一部分
Learn from,借鉴
Big country,大国
Oil prices,油价
Crowded,拥挤
Current,电流
path,路径
Split,分裂
When will,时会
Equity,股权
union,工会
head,头部
Partial,局部
reading,读书
Next,接下来
layer,一层
today,今日
Disadvantages,缺点
Graphics,图形
Couple,情侣
sample,样本
heating,加热
Nothing to do,无关
Click,点击
grasp,把握
day,白天
auction,拍卖
Inquire,查询
subway,地铁
Bring,带给
pride,自豪
Depend on,依赖于
Founded,创办
slow,缓慢
creativity,创造性
Kidnapping,绑架
night,夜晚
Light,光线
turmoil,动荡
host,主持人
hat,帽子
career,生涯
meet,迎接
Fixed,修正
interface,界面
girl,姑娘
Interviewer,面试官
behind,落后
posture,姿势
U.S. Congress,美国国会
A few weeks,几周
national,国民
issued,发行
glasses,眼镜
save,节省
Rhythm,节奏
mainland,大陆
Trade volume,贸易额
fatigue,疲劳
rate,速率
ear,耳朵
match,匹配
fan,球迷
The Pacific Ocean,太平洋
Territory,境内
Rise,崛起
excitement,激动
volume,体积
Induced,诱导
Palestinians,巴勒斯坦人
time out,暂停
Ride,乘坐
atmosphere,大气
Short name,简称
oilfield,油田
fantasy,幻想
Mentality,心态
endure,忍受
classroom,课堂
table of Contents,目录
Diesel,柴油
Said,中称
entity,实体
Overcome,战胜
total,总数
Subject,学科
carbon dioxide,二氧化碳
hometown,家乡
humor,幽默
Agree,赞同
Solution,溶液
flexible,灵活
After surgery,术后
miracle,奇迹
accounting,会计
Workers,工作者
Component,组件
Position,职务
Name,姓名
level,层次
Christian,基督教
diffusion,扩散
elegant,优雅
vibration,振动
Rice,大米
Our side,我方
walk,行走
audit,审计
Regulations,法规
shrink,收缩
Amount,金额
journey,旅程
Moisture,水分
number,数目
drama,戏剧
Price,售价
Atmosphere,氛围
Rich people,富人
repay,偿还
put into a,放入
angel,天使
photography,摄影
Immediate,眼前
how,怎样
Walked,走过
lead,带领
Depression,抑郁
verb,动词
Poetry,诗歌
attack,进攻
Inflation rate,通货膨胀率
territory,领土
Helicopter,直升机
Interrupted,中断
Two groups,两组
North America,北美
delicious,美味
Play,演奏
operating system,操作系统
Philippines,菲律宾
particle,粒子
tooth,牙齿
simplify,简化
formula,公式
Very small,很小
biology,生物学
Girlfriend,女友
Facing,面向
abandon,抛弃
Instructions,指示
Good at,善于
coding,编码
Web page,网页
Received,接到
the end of this year,今年年底
Divided into,分成
diameter,直径
queue,排队
Shenzhen,深圳
Rio de Janeiro,里约热内卢
opportunity,时机
Buyers,买家
Henry,亨利
jeans,牛仔裤
alloy,合金
underground,地下
write,撰写
Chris,克里斯
typical,典型
Allen,艾伦
Used as,用作
leader,领导者
inherit,继承
Model,模特
bee,蜜蜂
Reiterated,重申
procession,游行
empire,帝国
SMS,短信
Yes,赞成
Introduced,引进
Water,水中
write,编写
advanced,先进
List,榜单
Arm,手臂
Reach an agreement,达成协议
seminar,研讨会
get up,起床
search,搜寻
Retailer,零售商
scandal,丑闻
Listing,上市
lie,谎言
Confident,确信
reason,道理
error,误差
desert,沙漠
Rescue,救助
drug,药品
finals,决赛
Article,篇文章
Most,最有
stranger,陌生人
bias,偏见
new Zealand,新西兰
The most,最具
Foreign Minister,外长
Auxiliary,辅助
Animation,动画
gasoline,汽油
criticism,批判
increase,增多
Dismissal,解雇
Go in,进去
Expansion,膨胀
Sal,萨尔
authority,权威
San Francisco,旧金山
Middle class,中产阶级
Commissioned,委托
highway,高速公路
Integration,整合
Dig,挖掘
Kennedy,肯尼迪
Go up,走上
order,秩序
sad,悲伤
State Department,国务院
Receptor,受体
Pyongyang,平壤
voice,语音
Donate,捐款
motorcycle,摩托车
Beneficial,有益
From,源于
negative,否定
service,维修
door,大门
New York Times,纽约时报
Coal mine,煤矿
The elderly,老年人
Certification,认证
therapy,疗法
literature,文献
Transparent,透明
transplant,移植
praise,赞美
Exempted,免除
Hobbies,爱好
upset,烦恼
Opposition,反对党
respect,尊敬
Button,按钮
Break up,分手
guarantee,担保
odor,气味
component,组成部分
Small town,小镇
spring,春天
trend,潮流
Charles,查尔斯
Bible,圣经
islands,岛屿
pope,教皇
I got it,得知
Capitalism,资本主义
Power generation,发电
bump into,碰到
Burger,汉堡
Good thing,好事
Poland,波兰
Mentioned,提及
confused,困惑
Face,面部
Poor people,穷人
filter,筛选
Materials,物资
talent,天赋
Grassland,草地
Authority,管理局
Head up,头上
Question,课题
Transform,变换
Air China,国航
Created,创立
Johnson,约翰逊
A paragraph,一款
mortality rate,死亡率
Guidelines,准则
Granted,授予
bridge,桥梁
Postgraduate,研究生
sofa,沙发
Leisure,休闲
the masses,群众
Decrease,减小
Higher education,高等教育
Many people,多人
volcanic,火山
part,部件
Ministry of Finance,财政部
Priest,牧师
Media coverage,媒体报道
figure,身材
politician,政治家
secret,秘密
probability,几率
Introduced,出台
put one's oar in,干涉
menu,菜单
Denmark,丹麦
firmly believe,坚信
Sign,签订
truth,真理
fracture,断裂
modeling,造型
Reserve,储量
Run,跑步
go back,回去
retail,零售
plan,策划
And into,而成
Speculated,推测
Tortured,折磨
activation,激活
Real estate,房产
Inevitable,不可避免
Hands,手里
Tightening,紧缩
lesson,教训
speech,言语
cooking,烹饪
office,办事处
Citizens,市民
Surveillance,监视
Donate,捐赠
Foreign policy,外交政策
reflection,反射
Street,大街
Praise,赞扬
kill,杀害
Terrorist attacks,恐怖袭击
north,北方
Team members,队员
TV set,电视机
Fisheries,渔业
battlefield,战场
Air strike,空袭
Mars,火星
within Temptation,诱惑
Combine,相结合
organ,器官
No need to,不用
Internet,上网
one place,一处
Alibaba,阿里巴巴
Take a photo,拍照
Set up,组建
Formerly,从前
Firm,事务所
intention,意图
Constantly,不断
thickness,厚度
ban,禁令
Season,赛季
Possession,占有
Recycling,回收
together,一起
help,帮忙
Consolidation,巩固
ratio,比率
seawater,海水
line,线路
pattern,图案
Released,上映
psychologist,心理学家
account,帐户
On board,船上
Write down,写下
Fitness,健身
Up to,长达
All,各项
Zach,扎克
frequently,频繁
Boyfriend,男友
suburbs,郊区
signature,签名
manipulate,操纵
TV series,电视剧
Lusa club,卢萨社
weaken,削弱
struggle,挣扎
Venezuela,委内瑞拉
command,指挥
Steve,史蒂夫
Ideas,思路
not enough,不够
joke,笑话
wipe out,消灭
Listen,收听
shortage,短缺
This basis,此基础
agreement,协定
Discrimination,歧视
Control System,控制系统
Ships,船舶
expensive,昂贵
meet,会面
Periodicals,期刊
planet,行星
Office,办公
judgment,判决
Emerging Markets,新兴市场
wake up,醒来
fruit,果实
creativity,创造力
Elements,要素
Ingestion,摄入
Required,必需
Through,穿越
format,格式
Connotation,内涵
Mugabe,穆加贝
Michelle,米歇尔
Effective,生效
Income,所得
Open,开启
height,高度
exhibition,展览
Thomas,托马斯
general,一般
High above,高出
bonus,奖金
use,用途
print,打印
continue,延续
escape,逃避
powered by,供电
keyboard,键盘
Take advantage of,充分利用
books,图书
Little,小小的
cheese,奶酪
Perspective,视角
Accuracy,精度
curious,好奇
drought,干旱
A few minutes,几分钟
print,印刷
morning,上午
Now,现年
Accepted,接纳
window,窗口
prime minister,首相
same time last year,去年同期
force,强迫
Share,份额
Year,年内
anniversary,周年
One,一辆
One,一架
Broadcast,播出
Inoculation,接种
Completed,完工
Go out,外出
Monetary Fund,货币基金
Louis,路易斯
Avoid,避开
Polls,民意调查
exception,例外
public,公开
Eyes,眼中
How to do,怎么办
defend,辩护
Cleaning,清洗
Spend money,花钱
Weakened,减弱
leading,主导
place,放置
variable,变量
wait until,等到
To,通往
dancing,跳舞
Ask,问问
mission,使命
interface,接口
Christ,基督
automation,自动化
real,真正
Jose,若泽
Palin,佩林
Boys,男生
Six months,六个月
bottom,底部
Abuse,虐待
financial crisis,经济危机
Score,得分
intelligence,智力
Come,前来
peak,高峰
Played,饰演
Administrative Region,行政区
Photographer,摄影师
Developer,开发商
Richard,理查德
Situation,处境
Interested,有意
influenza,流感
praise,称赞
A while,一会儿
stroke,行程
Foreign students,留学生
extend,延伸
intervention,介入
establish,确立
Relationship,人际关系
rare,罕见
name,名义
limit,极限
huge,庞大
Painted,描绘
One,一张
compromise,妥协
Seen,看过
Toll,收费
Director,总监
Remove,去除
change,更改
age,年纪
Defense Minister,国防部长
switch,开关
too much,太多
Oscar,奥斯卡
Shard,碎片
Links,环节
Use,选用
Words,话语
bored,无聊
Planet,星球
diplomat,外交官
friendly,友好
Give,送给
test,考验
Thank you,谢谢
Killed,打死
honor,荣誉
Leave,留给
And use,并用
Overhead,开销
building,大厦
Face,面上
Three days,三天
Biden,拜登
Early in the month,月初
restaurant,饭店
Unprecedented,前所未有
hear,听见
Investment amount,投资额
drug,毒品
Lover,爱人
Total amount,总量
director,董事
loyalty,忠诚
market share,市场份额
Boston,波士顿
Arrested,被捕
Fertility,生育
journey of,之旅
I need to,我要
A few days ago,日前
Communique,公报
Inflation,通胀
resist,抵制
universal,普遍
taxpayer,纳税人
mineral,矿物
deposit,存款
symmetry,对称
detailed,详细
Vision,视野
blessing,祝福
principal,校长
Tsunami,海啸
sentence,句子
juvenile,少年
Sao Tome,圣多美
commander,指挥官
Governor,行长
Different from,不同于
shot,开枪
home,家园
Fermentation,发酵
flow,流量
noise,噪声
insect,昆虫
public,大众
Humanitarian,人道主义
feasibility,可行性
ruling,裁决
Turnover,营业额
delay,延迟
train,列车
stop,停下来
rupture,破裂
Quality,素质
good news,好消息
work,做事
concern,忧虑
appreciation,升值
Qaddafi,卡扎菲
at night,夜间
Option,选项
murder,谋杀
guide,指南
Monetary Policy,货币政策
From,来源于
wood,木材
discount,折扣
Strong,强劲
collective,集体
Differentiation,分化
Securities,证券
Do not let,不让
Alive,活着
tutor,导师
cotton,棉花
medium,介质
user,使用者
send,派遣
warm,温暖
spouse,配偶
A,一笔
greenhouse,温室
sell,推销
Control,掌控
period of time,段时间
gold medal,金牌
romantic,浪漫
Kwanza,宽扎
Early,年初
fling in teeth,嘲笑
This class,这类
Calories,卡路里
Later,晚些时候
Insurance company,保险公司
attack,发作
consensus,共识
digestion,消化
Elite,精英
Royal,皇家
younger sister,妹妹
box,盒子
unfavorable,不利
dry,干燥
Put in,置于
U.S. State Department,美国国务院
Made,做成
Magnitude,幅度
classroom,教室
attitude,姿态
resistance,抵抗
fragile,脆弱
Bring it,带上
seabed,海底
Down to,降到
prophecy,预言
the same one,同一个
lay down,放下
title,标题
Rose,罗斯
party,当事人
Stretched out,伸出
Morgan,摩根
Assad,阿萨德
the truth,真相
replace,更换
rich,富裕
Jews,犹太人
From,源自
calm,冷静
princess,公主
childhood,童年
The street,街上
Adsorption,吸附
A month,一个月
insert,插入
drink,喝酒
dispute,争端
air conditioning,空调
the term,术语
joint,关节
score,评分
Air tickets,机票
damage,损坏
study in,就读于
People,人家
be surprised,吃惊
grape,葡萄
shadow,阴影
warrior,战士
en route,途中
Long,漫长
Restrictions,制约
Lift up,提起
Compensation,赔偿
Set up,树立
payment,付款
myth,神话
Derived,推导
Soaring,飙升
but it is,却是
Surprise,惊奇
Promote,推行
With,借助
One side,一边
neck,脖子
Performance,绩效
Xinhua News Agency,新华社
Missing,缺失
clue,线索
Now,当下
migrate,迁移
Dogs,狗狗
Concession,特许权
Market economy,市场经济
Bell,贝尔
Grandmaster,大师
Born,生于
America,全美
Not like,不像
Evacuate,撤离
cool down,冷却
Offspring,后代
description,描写
hall,大厅
coupling,耦合
Bissau,比绍
One member,一员
Published,刊登
ancestor,祖先
Belgium,比利时
Chinese,汉语
exhibition,展览会
Latin America,拉美
Walking,散步
Breeding,繁殖
Musharraf,穆沙拉夫
can not see,看不到
defeat,打败
Branch,分支
Beach,沙滩
visit,拜访
telecommunications,电讯
promise,答应
Polls,民调
this,这件
arrangement,排列
Your side,贵方
World War II,二战
site,场地
Strength,力度
comfort,安慰
treatment,待遇
high tech,高科技
bride,新娘
major,重大
broadcast,广播
suitable,适宜
Start,入手
constant,不变
Probe,探测
justice,正义
walk,步行
Sea,海域
idol,偶像
scene,景象
pocket,口袋
As,当成
nurse,护士
The city,该市
Ban Ki-moon,潘基文
Mainstream,主流
telescope,望远镜
revenge,报复
fast,快速
sick,生病
Become,变为
river,河流
record,唱片
vice president,副总裁
enlarge,放大
Refinery,炼油厂
Words,词语
Lips,嘴唇
Elizabeth,伊丽莎白
quarrel,争吵
Friends,好友
Increase,增幅
Anna,安娜
embassy,大使馆
Jerusalem,耶路撒冷
Elected,选出
blood pressure,血压
noble,贵族
Compound,化合物
Economic and trade,经贸
Survival,存活
Taylor,泰勒
airliner,客机
mild,温和
Receive,收取
Starred,出演
Federal government,联邦政府
abolition,废除
file,档案
Love,恋情
Voltage,电压
Real,雷亚尔
ending,结局
Disclosure,披露
Central Bank,中央银行
power,势力
Jones,琼斯
landscape,景观
investors,投资商
equal,等于
folk,民间
Financial industry,金融业
camera,相机
aesthetics,美学
Inspired,启发
Trait,特质
heaven,天堂
Head,脑袋
Imaging,成像
Congressman,国会议员
feed,饲料
Peer,同行
Only,仅为
Daniel,丹尼尔
Wall,墙上
knee,膝盖
Correlation,相关性
skin,肌肤
We all know,众所周知
supply,供给
warming,变暖
End,终结
tuition,学费
capacity,容量
legend,传说
flame,火焰
pronunciation,发音
New people,新人
The newspaper,该报
Well,油井
The plant,该厂
National debt,国债
Favor,青睐
Withdrawal,撤出
corridor,走廊
cold,寒冷
willing,乐意
diversification,多样化
Jazz,爵士
About,约合
Outdated,过时
Pricing,定价
Quantitative,定量
Attached,附加
interaction,相互作用
China,中方
As,身为
Interpretation,解读
Stroke,中风
pretend,假装
East,东方
Login,登陆
Got it,受过
criminal,罪犯
Loan,借贷
Ethiopia,埃塞俄比亚
Leaderboards,排行榜
cooperation,协作
Chinese New Year,春节
Manuel,曼努埃尔
complication,并发症
fossil,化石
collision,碰撞
control,管制
container,容器
water surface,水面
Effectiveness,效力
Used,用到
package,包裹
Surprise,惊喜
secretary,秘书
Customs,海关
Opened,开业
Better than,优于
Very much,备受
chip,芯片
This,这座
Order,下令
key,钥匙
Ohio,俄亥俄州
astronaut,宇航员
blue,蓝色
McDonald's,麦当劳
Hands,双手
symbol,符号
zoo,动物园
output,产出
short term,短期
Can not get it,得不到
Benchmark,基准
Missing,失踪
Driving,行驶
source,根源
draw,绘制
semiconductor,半导体
scene,情景
Doorway,门口
Radio,电台
refrigerator,冰箱
Expo,博览会
set,集合
Wall Street Journal,华尔街日报
human nature,人性
classic,经典
National Bureau of Statistics,国家统计局
Crimea,克里米亚
panic,恐慌
abuse,滥用
former,前者
Federation,联合会
The play,该剧
More,更具
Seats,席位
return,重返
twice,两次
striking,引人注目
deprivation,剥夺
deliver,交付
Deal with,打交道
Abbas,阿巴斯
Gaming,博彩
West Asia,西亚
Exterior,外观
mean,意味
Seoul,首尔
Seemingly,看似
Demo,演示
friction,摩擦
city ​​center,市中心
Harry,哈利
Reception,接待
secretion,分泌
Southern Africa,南部非洲
Limbs,肢体
Benguela,本格拉
pace,步伐
Islands,群岛
radar,雷达
Easy,易于
dinosaur,恐龙
walk,走路
Total revenue,总收入
labor,劳工
Little brother,弟弟
Used,用以
Personality,人格
Silva,席尔瓦
painting,绘画
Same period,同期
anesthesia,麻醉
Architecture,架构
Die,死去
spread,蔓延
Come on,开来
Difficulty,难度
concession,让步
lion,狮子
Ushered in,迎来
firm,坚定
microorganism,微生物
noise,噪音
silence,沉默
direction,指向
Develop,养成
genius,天才
firearms,枪支
Unbelievable,不可思议
take off,起飞
Chemical material,化学物质
Has,设有
stop,制止
Model,车型
Lost,丢失
reputation,名声
Quarterly,季度
As done,当做
No,不行
motion,议案
melt,融化
Mumbai,孟买
Scramble,争夺
hormone,激素
Meet,开会
disgust,厌恶
Wear and tear,磨损
Opening ceremony,开幕式
Sina,新浪
kiss,亲吻
hacker,黑客
Make people,使人
Fire,火灾
filter,过滤
Harvard University,哈佛大学
ion,离子
substance,实质
chart,图表
cure,治愈
Tactics,手法
Civil servants,公务员
ant,蚂蚁
Harry,哈里
brother,哥哥
whole body,全身
waiting,等候
Withdrawal,撤军
Joint venture,合资企业
will,意志
Congo,刚果
Pula,普拉
General manager,总经理
Foreign Minister,外交部长
cabinet,内阁
Harvard,哈佛
Experience,体会
roof,屋顶
meet,遇见
Musical instruments,乐器
Brave,勇敢
America,美洲
Up,上来
Try,试试
catalyst,催化剂
Wearing,身穿
Black hole,黑洞
Cashew nuts,腰果
impulse,冲动
interesting,有意思
Las Vegas,拉斯维加斯
Candidate,人选
Rehabilitation,康复
Loss,亏损
Luxury,奢侈品
Evolution,演变
Two parties,两党
expand,拓展
height,身高
Talk about,谈谈
harmonious,和谐
Perception,感知
Renovation,整修
surplus,盈余
"Co., Ltd.",股份有限公司
Inauguration,就职
Hit,创下
saving,节约
abnormal,异常
goat,山羊
Florida,佛罗里达
Taste,口味
Clarify,阐明
negative,消极
Thinking,想着
manager,管理人员
Fish,鱼类
Crossed,越过
Branch,分公司
Bella,贝拉
cosmetic,化妆品
Angolan government,安哥拉政府
cover,掩盖
Booking,预订
accumulation,累积
future,前途
Better,好转
clone,克隆
speech,演说
Bright,明亮
silly,愚蠢
Total value,总值
comedy,喜剧
tennis,网球
Jewelry,珠宝
Solve,求解
watch TV,看电视
scene,场面
Apply,施加
Fabric,织物
Southeast Asia,东南亚
shopping center,购物中心
trademark,商标
limit,限度
Austria,奥地利
geometry,几何
struggle,奋斗
Devaluation,贬值
girlfriend,女朋友
exposure,曝光
shark,鲨鱼
Argument,论证
WC,厕所
dispute,纠纷
one person,一人
remuneration,报酬
how about it,怎么样
dress up,打扮
Success,取得成功
Review,审视
Damaged,受损
Security forces,安全部队
Florida,佛罗里达州
Yesterday,昨日
Equipped,配备
Starring,主演
radioactivity,放射性
Cookies,饼干
Oil industry,石油业
Malawi,马拉维
offense,罪行
Jealous,嫉妒
Yahoo,雅虎
variation,变异
hairstyle,发型
member,会员
A meal,一顿
fall,秋天
Supreme Court,最高法院
Two people,二人
light,灯光
Military action,军事行动
dyeing,染色
Stir up,激起
artwork,艺术品
banana,香蕉
noun,名词
Thanksgiving,感恩节
limit,界限
write,书写
Wen Jiabao,温家宝
Disease,发病
Locals,当地人
statement,陈述
Browser,浏览器
etiquette,礼仪
Ethanol,乙醇
Components,零件
Daily output,日产量
Count it,算是
Hinder,妨碍
Race,赛事
Referendum,公投
flat,平面
Branch,分行
Certified,认定
Take measures,采取措施
Rise,兴起
something,某事
Dress,礼服
Decades,几十年
offset,抵消
Create,营造
Shakespeare,莎士比亚
Lesions,病变
blank,空白
Manufacturers,厂商
instrument,仪器
bending,弯曲
ice cream,冰淇淋
Cause,致使
Book,预定
Management,管理层
Listed company,上市公司
northeast,东北部
famous,闻名
Probability,概率
Berlin,柏林
Islam,伊斯兰教
cigarette,香烟
take over,接管
tear down,拆除
doubt,疑问
Different,与众不同
Comics,漫画
red,红色
reconciliation,和解
Dressed,身着
partner,合伙人
tent,帐篷
Avian Influenza,禽流感
certificate,证书
Guangdong,广东
monkey,猴子
powerful,有力
cold,感冒
in stock,库存
Transformation,转型
Council,理事会
Ask questions,提问
At the meeting,会上
Eyes,眼神
adaptation,改编
carat,克拉
foreign exchange reserves,外汇储备
contain,遏制
Covered,涵盖
avoid,回避
Service industry,服务业
benefit,益处
fashionable,时髦
Embryo,胚胎
tropical,热带
Large,大片
Online,在线
Bounce,反弹
Mapping,映射
This period,本期
determination,判定
convenient,便利
Macro economy,宏观经济
Depression,抑郁症
Lee Myung-bak,李明博
This time,这起
Budget,财政预算
Site,站点
Modeling,建模
metabolism,代谢
protagonist,主角
busy,忙碌
One,一本
Expelled,驱逐
Moore,摩尔
Victoria,维多利亚
political campaign,竞选活动
law,法则
Tanzania,坦桑尼亚
Carter,卡特
Done,做过
Opened,开通
Smile,笑容
script,脚本
Violation,违背
Hawaii,夏威夷
intermediary,中介
Programming,编程
Carlos,卡洛斯
Less than,小于
beauty,美女
power plant,发电厂
Hotel,宾馆
author,笔者
Amino acids,氨基酸
Dispatch,调度
conspiracy,阴谋
Really,真的
One thing,一事
national defense,国防
Buy it,买下
glad to,乐于
World Health Organization,世界卫生组织
pants,裤子
template,模板
wide awake,清醒
Dress,着装
Physician,医师
minority,少数民族
The world,世上
Stratum,阶层
Agricultural products,农产品
Business,商家
Occurrence rate,发生率
caffeine,咖啡因
Loose,宽松
concentrate,浓缩
Back to,追溯到
European Commission,欧盟委员会
child,小孩子
heritage,遗产
land,陆地
form,表格
Negative impact,负面影响
pirate,海盗
Living,身处
Watch,手表
trauma,创伤
Controller,控制器
Adam,亚当
elevator,电梯
blade,叶片
moment,瞬间
film,薄膜
wallet,钱包
mouse,鼠标
organ,机关
Hit,撞击
Price increased,价格上涨
smoothly,顺利
fine,罚款
real life,现实生活
A big one,一大
primary school,小学
hypertension,高血压
taxi,出租车
Fragment,片段
Bold,大胆
joy,喜悦
Yoga,瑜伽
manner,举止
optical fiber,光纤
funeral,葬礼
motherland,祖国
statistics,统计学
Flooded,充斥
pulse,脉冲
Villagers,村民
Communist Party,共产党
forgive,原谅
Demonstration,示威
tunnel,隧道
Buri,布里
prisoner,囚犯
Quote,报价
geography,地理
broker,经纪人
box,箱子
Zambia,赞比亚
Oil prospecting,石油勘探
Guangdong Province,广东省
asphalt,沥青
instruction,指令
second only to,仅次于
Obvious,显而易见
Integration,一体化
Raw materials,原材料
stem cell,干细胞
As,看成
Tycoon,大亨
Presidential election,总统大选
letter,信件
Matters,事宜
Inspired,鼓舞
little girl,小女孩
RAM,内存
communication,交际
rich,有钱
fluidity,流动性
Sorry,抱歉
misunderstanding,误解
mammal,哺乳动物
Included,纳入
advent,来临
Observer,观察员
power,功率
Tired,厌倦
competition,竞赛
ignite,点燃
Ali,阿里
Rebel,反抗
Porter,波特
Staged,上演
crack,裂纹
Solution,解决办法
Off work,下班
instinct,本能
Ease,缓和
piano,钢琴
intern,实习生
trust,信赖
Suffering,患上
companion,同伴
Saudi Arabia,沙特
New government,新政府
Uncertainty,不确定性
Fault,断层
Holding,控股
Video,录像
witness,见证
Due,所致
Defined,界定
autumn,秋季
Baghdad,巴格达
Assembly,组装
image,影像
high temperature,高温
current,本届
Bito,比托
Each big,各大
resistance,阻力
Optical,光学
Leap,跨越
script,剧本
Moment,一刻
shoulder,肩膀
both,二者
High-ranking official,高级官员
Jim,吉姆
nature,大自然
coat,外套
reliability,可靠性
moon,月亮
formula,配方
blockade,封锁
green,绿色
Promote,促成
greedy,贪婪
New York City,纽约市
depression,萧条
Present,在场
Lenovo,联想
Twist,扭转
Behind,身后
dignity,尊严
Prosecutor,检察官
Newborns,新生儿
international market,国际市场
Chamber of Commerce,商会
Consultation,磋商
Water resources,水资源
Elephant,大象
Xi Jinping,习近平
industrialization,工业化
Born,天生
Narrative,叙事
compression,压缩
Point,要点
issue a statement,发表声明
Unite,统一
Estimated,估算
Deviation,偏离
bathroom,浴室
taste,品尝
Secretary,局长
Liabilities,负债
save,挽救
abdomen,腹部
defendant,被告
chromosome,染色体
Had,有过
boyfriend,男朋友
matter,事项
Everyone,众人
diffraction,衍射
Republic,共和国
Imprisonment,监禁
tilt,倾斜
Dean,院长
Slow down,减缓
criminal,刑事
Ordinance,条例
vision,视力
Bound,束缚
wise,明智
warehouse,仓库
sandwich,三明治
Collection,收藏
landscape,风景
dorm room,宿舍
Ultrasound,超声
Began,始于
assistant,助手
Open,营业
Showing,呈现出
High end,高端
cholesterol,胆固醇
Act,行事
Work efficiency,工作效率
Little things,小事
drinking water,饮用水
reputation,声誉
post,邮报
Chief Executive Officer,首席执行长
Recover,收回
Saudi Arabia,沙特阿拉伯
Exposed,露出
Arctic,北极
serious,严肃
Mistakes,失误
Bray,布雷
Listed as,列为
By,深受
Partnerships,伙伴关系
Privatization,私有化
Bacillus,杆菌
Economic and Trade Cooperation,经贸合作
Study abroad,留学
Medway,梅德韦
Antonio,安东尼奥
Prevent,防范
implement,落实
regret,后悔
Book,书中
draft,草案
Everyone,人人
Channel,频道
qualified,合格
fill in,填写
Inflow,流入
Studying,就读
filling,填充
part time,兼职
accurate,精确
Andrew,安德鲁
origin,起源
illumination,照明
specimen,标本
benefit,效益
Sailing,航行
Dubai,迪拜
electrode,电极
load,负荷
first aid,急救
creditor,债权人
fragrance,香味
Lieutenant,中将
sister,姐姐
Surrounded,包围
prepared by,编制
information Technology,信息技术
bid farewell,告别
spy,间谍
Edward,爱德华
survivor,幸存者
necessity,必要性
Growth rate,增速
count,计数
Crystal,晶体
Vector,载体
Drama,剧情
deceased,死者
Analyst,分析家
Fuel,燃油
pace,脚步
Growth,增长速度
banker,银行家
value,看重
Singh,辛格
holiday,假日
beginning,开头
Mold,模具
distortion,扭曲
Effectiveness,有效性
Money management,理财
Turner,特纳
mirror,镜子
the first lady,第一夫人
accompany,陪伴
Marxism,马克思主义
go ahead,前进
Green,格林
Muhammad,穆罕默德
Geneva,日内瓦
Business,商界
French,法语
Add,增添
Agenda,议程
in vitro,体外
rose,玫瑰
Preference,偏好
change,变动
clinic,诊所
skirt,裙子
destroy,毁灭
roadside,路边
Leave,休假
Rye,拉伊
Girl,少女
Syndrome,综合征
agile,敏捷
Community,社团
reduce,缩减
Watch,注视
oxygen,氧气
uterus,子宫
Journey,旅途
castle,城堡
blackberries,黑莓
Immigration,入境
seal,密封
Products,制品
Killer,杀手
Give way,泄露
Success,获得成功
dictionary,词典
sleep,睡着
Handle,办理
Diversification,多元化
pathology,病理
Lovers,恋人
navigation,导航
massage,按摩
antigen,抗原
Buying and selling,买卖
theme,题材
attack,抨击
kingdom,王国
Implanted,植入
Temperature,气温
Stewart,斯特
cup,杯子
Cut off,切断
Hands,手上
midnight,午夜
riot,暴乱
a period of time,一段时间
Open,开口
Bills,账单
processor,处理器
antibiotic,抗生素
integrated,集成
generator,发电机
width,宽度
delta,三角洲
Put in,放进
Singing,唱歌
transfer,转让
Fernando,费尔南多
Hu Jintao,胡锦涛
Reflection,反思
employment,雇用
new book,新书
Shiites,什叶派
Appropriation,拨款
administrator,管理员
Institute,研究院
Catholicism,天主教
bone,骨头
Funding,经费
take out,取出
Shrinkage,萎缩
at the moment,眼下
Quantify,量化
Send,传送
eyeball,眼球
Concerned,关切
relative,亲戚
belly,肚子
crocodile,鳄鱼
Arrangement,布置
Chelsea,切尔西
transfer,调用
Royal family,皇室
resection,切除
Boeing,波音
Turn off,关掉
From,免受
Attributed to,归咎于
Pharmaceuticals,制药
catch up,赶上
Surrounding,周边
Profit,获利
Opened,开办
Regulation,调控
This item,此项
landing,降落
deepen,加深
appropriate,恰当
On the table,桌上
teach,教导
So much so,以至于
Anne,安妮
fracture,骨折
top,顶部
trade surplus,贸易顺差
Zambezi River,赞比西河
A few days,几天
severe,严厉
Select,选取
opposition,对立
face,面孔
Activists,主义者
A known,已知
January,一月
That's right,没错
robbery,抢劫
Efficient,有效率
ownership,所有权
A word,一句
death penalty,死刑
Sichuan,四川
financial system,金融体系
first place,首位
Fraud,欺诈
Eat,进食
Around,四周
Leave,离职
Haiti,海地
Campus,分校
wound,伤口
rent,租金
Medium term,中期
Traveler,旅行者
Ghana,加纳
E-commerce,电子商务
city,都市
shooting,射击
play,玩耍
correct,纠正
Included,列入
bottle,瓶子
meat,肉类
roommate,室友
studio,工作室
ethics,伦理
health care,保健
penetration,渗透
Castro,卡斯特罗
strain,应变
ecosystem,生态系统
maturity,到期
Research results,研究成果
close,紧密
full,充分
Findings,调查结果
incredible,难以置信
Discomfort,不适
Camera,摄像机
Enjoy,享用
List,列举
room,屋子
fetus,胎儿
ASEAN,东盟
Chile,智利
rights and interests,权益
Oil and gas,油气
magic,魔法
little boy,小男孩
layout,布局
early morning,清晨
Applicants,应聘者
Inside the party,党内
transfer,移交
Underwater,水下
regeneration,再生
Write,写出
Appreciate,赞赏
Used,所用
Sort,排序
Liverpool,利物浦
Awards,奖项
Happiness,幸福感
cruel,残忍
Racing team,车队
display,展出
carpet,地毯
Low temperature,低温
air force,空军
judge,评判
apparel,服饰
act as,充当
Ordinary people,普通人
Capital,首府
From,出自
Silicon Valley,硅谷
Predict,预示
Investors,投资人
Education,学历
degradation,降解
Healthy body,身体健康
delivery,输送
effort,功夫
actress,女演员
manual,手工
Upload,上传
place,之地
Intellectual property,知识产权
usage,用法
passport,护照
Looks,长相
last night,昨晚
stadium,体育场
lie,撒谎
To be late,迟到
Snow,斯诺
housework,家务
leaf,叶子
arm,胳膊
knight,骑士
plate,盘子
tender,投标
Drilling,钻探
Displacement,位移
frustration,挫折
clever,巧妙
No,不可
shake hands,握手
Declared,宣告
This book,一书
Island,岛上
Lobby,游说
toxin,毒素
Irradiation,照射
Licensed,特许
underestimate,低估
distant,遥远
Signing,签约
Waters,水域
search engine,搜索引擎
star,恒星
Cutting,切割
Sold,卖掉
title,头衔
Australia,澳洲
log in,登录
Capture,捕捉
Twitter,推特
Imagination,想象力
chicken,鸡肉
Beauty,美容
Reachable,可达
constellation,星座
track,跑道
Bangkok,曼谷
massacre,大屠杀
others,他人
Catherine,凯瑟琳
card,卡片
smooth,光滑
Goldman Sachs,高盛
Distinguish,分辨
Use,动用
Business,商机
Turkey,火鸡
Will,威尔
Control,控制权
spring,春季
tolerate,容忍
Rings,戒指
easy to,便于
luck,运气
crew,船员
Hero,主人公
Connected,相连
Negotiate,进行谈判
fool,傻瓜
Review,审议
desk,办公桌
Construction industry,建筑业
Trajectory,轨迹
Exhibitors,参展
unique,独一无二
potato,土豆
far away,远处
Ranked,位居
Cover,封面
autonomy,自治
legend,传奇
cable,电缆
sponsor,赞助
calm,平息
interest,利息
Lay,奠定
Known,所知
straight line,直线
sisters,姐妹
Downtown,市区
textile,纺织品
candle,蜡烛
category,类别
distribution,分发
cross,交叉
San Diego,圣地亚哥
Ministry of Foreign Affairs,外交部
serious,认真
Waiter,服务员
Sight,视线
Military government,军政府
last week,上星期
Outlook,展望
Great,很棒
League,联赛
puppy,小狗
Native language,母语
Go,地去
plasma,血浆
Looks good,长得
thing,事儿
One line,一行
medium,媒介
slogan,口号
Charge,充电
monopoly,垄断
evil,邪恶
busy,繁忙
Comrade,同志
liver,肝脏
States,各州
decree,法令
Forbes,福布斯
chef,厨师
Carbohydrates,碳水化合物
evolution,演化
interval,间隔
Function,职能
effect,功效
Fall asleep,入睡
Manpower,人力
Induced,诱发
category,范畴
Episode,剧集
Tete province,太特省
example,榜样
Merkel,默克尔
rabbit,兔子
competitor,竞争者
deepen,深化
Pleasant,愉悦
custom made,定制
People,人中
Brussels,布鲁塞尔
bishop,主教
Audi,奥迪
Tibet,西藏
Translator,译者
proportion,比重
specific,具体
outdoor,户外
Mike,迈克
Girl,女孩子
T-shirt,T恤
Change,发生变化
Lincoln,林肯
the next day,第二天
Inspiration,启示
Mechanics,力学
hit,击中
starch,淀粉
X-ray,X射线
Wanji,万吉
Near,临近
Identification,鉴别
Switch,切换
accommodate,容纳
Reached,传到
in advance,提前
April,四月
Two big,两大
Jewish,犹太
flexibility,灵活性
Nixon,尼克松
corner,角落
submit,递交
Called,称作
basketball,篮球
June,六月
broken,破碎
bookstore,书店
servant,仆人
Pay attention,留意
A door,一门
Go abroad,出国
Dealer,经销商
Family members,家属
Tax cuts,减税
course,历程
Find one,找个
headache,头痛
Institutions,院校
assumed,假定
evening,晚间
emperor,皇帝
wing,翅膀
hemiplegia,偏瘫
Take a bath,洗澡
province,省份
Increase,加重
Glow,发光
Ceasefire,停火
World,世人
Plane,架飞机
Longer,更长
Dominate,支配
detention,拘留
gloves,手套
Stir,搅拌
courtyard,院子
Car,车子
exaggeration,夸张
rope,绳子
The play,剧中
Pay,缴纳
laughing out loud,大笑
Man can,人能
lie,说谎
Traits,性状
Entrance,入口
Explore,探究
Self-proclaimed,自称
wonderful,精彩
believer,信徒
Flag,国旗
universal,普及
Take,迈出
Amount,数额
Extinct,灭绝
a new round,新一轮
Class,上课
Bleeding,出血
Camp,营地
Small and medium enterprises,中小企业
vision,眼光
Relief,救济
butter,黄油
paralysis,瘫痪
Send,发给
sad,伤心
yellow,黄色
Tehran,德黑兰
Jobs,工作岗位
East Asia,东亚
Immersed,沉浸
Terry,特里
court,球场
popularity,支持率
body and mind,身心
star,星星
container,集装箱
banquet,宴会
microwave,微波
Brasilia,巴西利亚
stress reliever,减压
proliferation,增殖
blasting,爆破
is known as,被称作
wild animals,野生动物
defend,捍卫
Turn,转动
Health status,健康状况
interrupt,打断
Toyota,丰田
California,加利福尼亚
Poor,不佳
Texas,德克萨斯州
antenna,天线
solid,固体
Closed,封闭
Condition,病情
coin,硬币
Academic,学业
Asked about,问及
Ottawa,渥太华
Water supply,供水
Annual production,年产量
Holy land,圣地
scale,尺度
Unusual,寻常
next week,下周
Mountain,山区
Publisher,出版商
theater,剧院
Weir,维尔
element,元件
Indonesia,印度尼西亚
Syndrome,综合症
Early morning,凌晨
Jordan,约旦
Government department,政府部门
Admission,入学
lyrics,歌词
July,七月
Alexander,亚历山大
Play a role,发挥作用
Elimination,淘汰
Fill,填补
terrain,地形
beautiful,优美
brown,棕色
Developer,开发者
Tips,秘诀
rubber,橡胶
Go out,出门
Mental health,心理健康
Rwanda,卢旺达
Analysis,解析
import and export,进出口
Neurons,神经元
spectrum,光谱
Six-nation talks,六方会谈
Example,示例
Two,两只
Condemned,罪名
Eat,吃掉
bay,海湾
British government,英国政府
Deadline,截止
pack,收拾
Peak,峰值
multinational,跨国公司
cruel,残酷
salad,沙拉
veto,否决
joke,玩笑
obey,服从
repair,修理
cliff,悬崖
Default,违约
slow,放慢
David,戴维
Time period,时段
Cats,猫咪
captain,船长
stay,住宿
Avenue,大道
balloon,气球
sugar cane,甘蔗
Bracket,支架
Buffett,巴菲特
ceramics,陶瓷
youth,青春
Cameron,卡梅伦
send,派出
now,现今
owner,所有者
luxurious,奢华
tariff,关税
power supply,电源
Electronic games,电子游戏
Shop,店里
Grid,电网
professional,专业人士
good looking,好看
Made,所作
Open,敞开
Undo,撤销
tongue,舌头
Marry,嫁给
Over the sky,上空
Hot spots,热点
Ministry of Commerce,商务部
Backup,备份
enhance,增进
accent,口音
Wuhan,武汉
Alarm clock,闹钟
Repression,镇压
baseball,棒球
Kosovo,科索沃
formalities,手续
Submerged,淹没
south,南方
recruit,招募
Uncover,揭露
Excavation,发掘
order,订购
subversion,颠覆
force,武力
suspects,嫌疑人
initial,初始
cinema,电影院
panda,熊猫
confuse,迷惑
Documentary,纪录片
Sexy,性感
stairs,楼梯
test,测验
Joseph,约瑟夫
drink,饮用
architect,建筑师
Oman,阿曼
actual,实际
view,视图
senescence,衰老
skeleton,骨骼
Motor,电机
Import volume,进口额
Resolve,化解
Serbia,塞尔维亚
Government forces,政府军
Demonstrator,示威者
mosque,清真寺
Della,德拉
Imbalance,失衡
Promulgated,颁布
October,十月
freeze,冻结
reception,招待会
olive oil,橄榄油
widely used,广泛应用
police officer,警官
Rice,水稻
broad,广阔
Press,出版社
chest,胸部
grandmother,祖母
Disney,迪士尼
Coca Cola,可口可乐
slave,奴隶
character,字符
Three,三名
laptop,笔记本电脑
cough,咳嗽
Weibo,微博上
Full,充实
Different,截然不同
Cruise,克鲁斯
Lead,引领
May,五月
Distribute,散发
Pentagon,五角大楼
Rating,评级
Relatives,亲人
Pennsylvania,宾夕法尼亚州
charming,迷人
Punishment,处罚
destruction,毁坏
not see,不见
tour,游览
Milan,米兰
Comments,注释
Informed,知情
brilliant,辉煌
short,短暂
isolation,隔离
Farah,法拉
In the film,片中
Uganda,乌干达
tax rate,税率
Round,一轮
years,岁月
gorgeous,华丽
pork,猪肉
Manchester United,曼联
Mursi,穆尔西
fluid,流体
additive,添加剂
Apoptosis,凋亡
Analytical method,分析方法
Feeding,饲养
abstract,抽象
isolated,孤立
crop,农作物
disaster,灾害
Rich,富含
shape,外形
longest,最长
refute,反驳
farmland,农田
station,车站
the mall,商场
Find,查找
weakness,弱点
shorts,短裤
Frank,弗兰克
cry,哭泣
Telecommunications company,电信公司
officer,军官
Christian,基督徒
is harmful to,不利于
layout,铺设
calendar,日历
entrepreneur,创业者
coffee shop,咖啡馆
Log,日志
backpack,背包
Opening,开幕
wrinkle,皱纹
diary,日记
chase,追逐
more than,多于
Circulation,流通
bombing,轰炸
mining,采矿
Place,安置
oath,誓言
Drafting,起草
Four kinds,四种
critic,评论家
Issued,颁发
Detroit,底特律
Susan,苏珊
Busy,忙于
Andrews,安卓
Column,专栏
Saddam,萨达姆
Popularity,人气
Clear,鲜明
witness,目睹
capture,捕获
revival,复兴
schedule,时间表
nuclear power plant,核电站
Cambodia,柬埔寨
Flavor,风味
Strata,地层
Fire,大火
lunch,午饭
Get up early,早起
Summary,综述
memory,记忆力
load,负载
collapse,倒闭
eyewitness,目击者
UAV,无人机
Surge,激增
唿 sound,唿声
suffering,苦难
chief,首席
urgent need,急需
Downturn,低迷
Dinner,晚宴
Philadelphia,费城
not good,不好
Financial deficit,财政赤字
bullet,子弹
contract,合约
valuable,宝贵
Step into,步入
open up,开辟
Murdoch,默多克
Close,亲近
Sea,大海
dust,灰尘
narrow,狭窄
biography,传记
rest assured,放心
honey,蜂蜜
With,配有
competent,胜任
mating,交配
Fluorescence,荧光
Blair,布莱尔
meditation,冥想
Counterattack,反击
close,密切
Thanks to,归功于
Bored,厌烦
Involved,卷入
Pay,付费
Operation,运算
Two,两条
Asked,问道
change,变更
Poor,可怜
A cup,一杯
tidy,整洁
strong,强壮
Mao Zedong,毛泽东
Vulnerability,漏洞
A,一期
drive,带动
feather,羽毛
Appearance,亮相
class,阶级
summer vacation,暑假
annex,附件
trace,痕迹
Securities trading,证券交易
Yemen,也门
coating,涂料
grandfather,祖父
wall,墙壁
unknown,未知
integral,积分
ecosystem,生态环境
Bird,鸟儿
immune system,免疫系统
Take office,上任
erosion,侵蚀
Celestial body,天体
Amount,用量
rising,攀升
toxicity,毒性
kill,杀人
replace,替换
situation,境地
Tree,树上
New York state,纽约州
custom,习俗
Song,首歌
opinion,见解
camera,摄像头
Clothing,衣物
objective,客观
lover,情人
pension,养老金
Payment,款项
Worse,更糟
set foot on,踏上
recording,录音
I am sorry,对不起
Cairo,开罗
collection,征收
August,八月
New Delhi,新德里
Competition,大赛
West Africa,西非
Menstruation,月经
contour,轮廓
teammate,队友
Complexity,复杂性
spiral,螺旋
Regal,富豪
vampire,吸血鬼
Profanity,亵渎
Energy saving,节能
painter,画家
Keen to,热衷于
steam,蒸汽
salon,沙龙
Improved,改良
appeal,上诉
Settlements,定居点
Dahl,达尔
Guidelines,指引
Violence,暴力事件
One,一身
promote,提倡
cold war,冷战
spaceship,飞船
coastal,沿海
swear,发誓
team leader,队长
show off,炫耀
Security Council,安理会
Abortion,堕胎
get conclusion,得出结论
blame,责备
subordinate,下属
Pregnant women,孕妇
residence,住所
nausea,恶心
South Ossetia,南奥塞梯
Wear,佩戴
Reinforced,加固
foreign investment,外资
Red blood cells,红细胞
insulin,胰岛素
glory,荣耀
disorder,紊乱
Tears,眼泪
Export,导出
Degradation,退化
Ultraviolet,紫外线
specification,规格
Ignored,无视
case,案子
Admission,录取
grassland,草原
good luck,好运
One minute,一分钟
rate of return,收益率
House,屋里
Media,传媒
cereals,谷物
Starbucks,星巴克
On the stage,台上
Conventions,惯例
reason,理智
flour,面粉
Times,时报
Shooting,枪击
declaration,宣言
crystallization,结晶
Nick,尼克
sincere,真诚
Now,现已
High heels,高跟鞋
Sad,难过
Selective,选择性
listen to,听取
Work together,共同努力
golf,高尔夫球
Ageing,老化
uniform,制服
Look back,回头
Stretch,拉伸
Internet users,网民
grown ups,大人
guide,导向
Defect,缺损
Bhutto,布托
Damascus,大马士革
Step down,下台
take away,带走
exaggerate,夸大
massacre,屠杀
Call,号召
mathematical model,数学模型
Will be,便会
Winning,获奖
Forward,前行
Already,早已
Flowers,鲜花
Arrived,赶到
Focus,聚焦
stripe,条纹
ruler,统治者
Tire,轮胎
crack,裂缝
City,城里
shadow,影子
Revised,修订
back and forth,来回
Earth,大地
nervous system,神经系统
gambling,赌博
suspension,悬挂
Oil prices,石油价格
Grassroots,基层
tail,尾巴
rainwater,雨水
pattern,格局
Asteroid,小行星
sacred,神圣
marathon,马拉松
Bob,鲍勃
Occupied,占用
thorough,彻底
Equipped,装有
Charged,被控
taste,品味
transparency,透明度
Drinking,饮酒
Focus,集中精力
Mouth,嘴里
Summarized,概括
Miller,米勒
UN Security Council,联合国安理会
Endangered,危及
Throw away,扔掉
Perry,佩里
Bidding,竞标
Nurture,培育
magnetic field,磁场
trigger,触发
Hospitalized,住院
Playground,娱乐场
Tender,标书
Come,降临
Years,数年
worship,崇拜
research,科研
candy,糖果
cash,兑现
Finland,芬兰
next month,下个月
Contribution,出资
underwear,内衣
Management system,管理系统
Flowers,花朵
Watershed,流域
international trade,国际贸易
Dieting,节食
To the ground,地向
Hatred,仇恨
Generally considered,普遍认为
leakage,泄漏
wonderful,美妙
Feelings,之情
The other half,另一半
Ideology,意识形态
gravity,重力
Population,种群
momentum,势头
Loss,流失
amazing,了不起
Letter,封信
Price,物价
freezing,冷冻
Ust,乌斯
People,百姓
year,年头
Genome,基因组
manual,手册
Different,有所不同
last weekend,上周末
accidental,偶然
Facts have proved,事实证明
Statistical data,统计数据
Execution,施行
Twentieth century,二十世纪
Three big,三大
outdoor,室外
Like,喜好
prayer,祷告
propose,求婚
argument,论点
Thanksgiving,感恩
Singing,演唱
lawn,草坪
Representation,代表性
Stock market,股票市场
Beauty,美貌
Royal family,王室
milestone,里程碑
Not as good,不如
Producer,制片人
Suspected,涉嫌
Millennium,千禧
Filled,装满
regardless of,不顾
Interaction,交互
typhoon,台风
Tropical storm,热带风暴
Put into production,投产
arbitration,仲裁
priority,优先
Rough,粗糙
Last year,上年
China Daily,中国日报
Moving,感动
conquer,征服
Next generation,下一代
sailor,水手
miner,矿工
Seize,夺取
Failure,失效
Admiral,上将
accepted,公认
printer,打印机
production line,生产线
Exquisite,精致
conservative,保守派
Nepal,尼泊尔
especially,特别
Mandela,曼德拉
noon,中午
Ranks,行列
Hesitate,犹豫
Positivity,积极性
Brain,脑部
musician,音乐家
saturation,饱和
Selected,选定
event,大事
harmful,有害
Tone,语气
Abort,中止
communism,共产主义
Familiar,熟知
wake,唤醒
Dare to,敢于
inch,英寸
Gossip,八卦
strong,坚强
ruins,废墟
development trend,发展趋势
Modern,近代
Demand,需求量
scholarship,奖学金
Interpretation,演绎
Restart,重新启动
arrogant,傲慢
Back,背部
Branch,支行
Advocacy,倡导
Easy,简便
Forming,成形
Birdie,小鸟
Promotion,晋升
practical,实用
Disgusted,反感
idea,念头
September,九月
Create,开创
Hand,手头
wavelength,波长
Laborer,劳动者
Alien,外星人
Developer,开发人员
spread,流传
famous,出名
figure out,弄清楚
Back home,回国
repair,修补
IQ,智商
trap,陷阱
bus,公共汽车
copyright,版权
tender,温柔
Emissions,排放量
open up,开拓
Driver,驾驶员
aviation industry,航空工业
spider,蜘蛛
Taste,口感
Medication,用药
fast food,快餐
Resin,树脂
Socrates,苏格拉底
One,一体
Finite element,有限元
Cabinda,卡宾达
Sentenced,被判
Committed,犯下
Inflammation,炎症
Promise,许诺
appearance,外貌
Start,起步
Hearings,听证会
championship,锦标赛
betray,背叛
Room,客房
prom,舞会
Anatomy,解剖
generous,慷慨
Six years,六年
Sales volume,销售量
alert,警惕
podcast,播客
Serving,任职
Influx,涌入
monster,怪物
Can not see,看不见
Inhalation,吸入
Exclusion,排斥
Complaints,投诉
assessment,评定
liberation,解放
Resist,抵御
Dissolve,解散
asthma,哮喘
Protection,防护
Stop,停下
Inward,内向
is not it,是不是
Oxford,牛津
shy,害羞
organizer,组织者
Kim Jong Il,金正日
Promotions,促销
tension,张力
Ama,阿马
Bind,绑定
modulation,调制
Stanley Ho,何鸿燊
Spent,耗费
generation,年龄段
Won,夺得
Asked,问到
Record,录制
disaster area,灾区
Outweigh it,胜过
deviation,偏差
The school,该校
Olmert,奥尔默特
Store,存放
segmentation,分割
California,加利福尼亚州
Surely,必将
save money,省钱
a generation,一代人
President,会长
top,顶端
wool,羊毛
foreign language,外语
Raise,抚养
Listen,聆听
suppress,压制
Economic benefits,经济效益
joint,联合
friendly,友善
Drilling,钻井
goddess,女神
Analysis,剖析
kindergarten,幼儿园
Degree of freedom,自由度
mixture,混合物
The subject,标的
Stand up,站立
Teaching material,教材
Defense,防守
OPEC,欧佩克
Statement,语句
Your side,你方
now,此刻
Mental illness,精神病
Re-elected,连任
Leah,利亚
Assassination,暗杀
Sent to,送往
Houston,休斯顿
Targeted,针对性
rape,强奸
cinema,影院
white,白色
Agreement,约定
Accessories,配件
Russia,俄国
Internet,因特网
Charity,慈善机构
Manhattan,曼哈顿
Interview,访谈
construction project,建设项目
make up,化妆
Interpretation,诠释
Memorandum of Understanding,谅解备忘录
private,私人
Increase to,增至
schedule,进度
Permissions,权限
sin,罪恶
Chongqing,重庆
Huawei,华为
Sea horse,海马
welding,焊接
Device,器件
exchange,换取
offend,冒犯
cover up,掩饰
Chase,大通
Trust,信托
clean,打扫
adult,成年
Fall to,降至
ignorance,无知
relief,解脱
bus,公交车
In trouble,陷入困境
ski,滑雪
physical strength,体力
Forgotten,遗忘
Block,街区
soap bar,肥皂
Fashion,时装
Salary,薪资
low,低下
Coalition forces,联军
stand out,脱颖而出
Highlights,亮点
thyroid,甲状腺
my home,我家
Leadership,领导层
Monitor,监察
Intellectuals,知识分子
parking,停车
Pregnancy,妊娠
Integrity,诚信
memorandum,备忘录
Air pollution,空气污染
Repressed,压抑
Democratic Republic of the Congo,刚果民主共和国
steak,牛排
Suit,西装
Self-esteem,自尊
Petrochemical,石化
Edmund Ho,何厚铧
Logo,标识
Previously,此前
Forge,伪造
Three,三家
famous,有名
Been there,去过
waste,废物
bad thing,坏事
Cambridge,剑桥
connection,联络
Water flow,水流
Fox,福克斯
last Friday,上周五
Cole,科尔
gesture,手势
Security,保安
Delay,延误
carnival,狂欢
alcoholism,酗酒
M & A,并购
Victims,灾民
Hire,聘用
Sarah,萨拉
care,在乎
millennium,千年
Post,帖子
soil,泥土
Conservative,保守
onion,洋葱
jury,陪审团
unusual,不同寻常
Ranked first,排名第
end,结尾
Shandong,山东
Mouth,口中
Withstand,经受
Second half,下半年
reply,答复
String,字符串
Anniversary,纪念日
wreckage,残骸
imagine,想像
Tencent,腾讯
Once arrived,一到
Superman,超人
close,亲密
dining table,餐桌
partner,搭档
relatives,亲属
WHO,世卫
Battle,战役
price,价钱
Northwest,西北部
Wright,莱特
Wife,老婆
radio,收音机
care,在意
Convention,公约
Taxation,税务
mobilization,动员
diarrhea,腹泻
collect,搜集
militia,民兵
Turn around,转身
livestock,牲畜
Cabinet meeting,内阁会议
Client,客户端
Third party,第三方
exhausted,疲惫
indifferent,冷漠
Del,德尔
carriage,马车
as follows,如下
Producing countries,生产国
mileage,里程
Smash,粉碎
signature,签字
Layoffs,裁员
Kevin,凯文
kind,亲切
similar,相近
Facebook,脸谱
lasting,持久
Nice,尼斯
airflow,气流
Hydropower,水电
Stagnation,停滞
ruling party,执政党
Calculation method,计算方法
Allies,盟国
Historian,历史学家
headed by,为首
Prisoners,犯人
privilege,特权
Fallen,堕落
Fun,好玩
Agent,特工
view,景色
PARKING LOT,停车场
Industry,业内
referee,裁判
Meal,用餐
magma,岩浆
Work together,携手
manor,庄园
Change to,改为
dementia,痴呆
protected area,保护区
Host,主机
Namibia,纳米比亚
Metickel,梅蒂卡尔
Competition,角逐
vote,表决
Ill,患病
car,轿车
Not easy,不易
Most popular,最受
initiative,倡议
follow,跟随
Died,身亡
British Prime Minister,英国首相
Sex,性爱
coup,政变
Will be,会为
Do not go,不去
defend,保卫
smuggling,走私
Take office,就任
concise,简洁
Body,机体
Chavez,查韦斯
distressed,苦恼
Cook,做饭
Off,脱落
temper,脾气
Above,上方
forward,前锋
Dehydration,脱水
cowboy,牛仔
luster,光泽
larva,幼虫
Sent,打发
Employer,用人单位
Ministry of Foreign Trade,外贸部
Scene,一幕
March,三月
Seductive,诱人
upsurge,热潮
cater,迎合
rich,丰厚
almost,差不多
Mountain,山上
devil,魔鬼
Where you are,所处
Audio,音频
News report,新闻报道
Dodge,躲避
Years,年里
Car,车上
Beside,身旁
hearing,听力
care,关怀
mailbox,邮箱
Santa Claus,圣诞老人
Willingly,情愿
Nails,指甲
Medium,培养基
starting point,起点
eternal,永恒
mutation,突变
applicant,申请人
unit,机组
colony,殖民地
Tree branches,树枝
color,肤色
high quality,高质量
A pair,一对
absurd,荒谬
Essence,精华
The key is,关键在于
applause,掌声
Friendship,友情
Chinese character,汉字
Chet,切特
Mediterranean,地中海
This person,此人
extremist,极端分子
Central Africa,中非
guess,猜想
electronic product,电子产品
As shown,所示
handle,把手
deadlock,僵局
One,一个
Center of gravity,重心
Phil,菲尔
breath,气息
Blood flow,血流
galaxy,星系
Nanjing,南京
Focus on,着眼于
Shop,店铺
not give a damn about,不在乎
out of control,失控
bona fide,善意
Baker,贝克
essential,必不可少
Change into,换成
touch,触摸
All over,遍布
Bachelor's degree,学士学位
One,一艘
Situation,情境
Policy makers,决策者
renewable energy,再生能源
bright,光明
Community,群落
global,环球
deck,甲板
hunter,猎人
tomato,番茄
clay,粘土
Zombie,僵尸
load,加载
Full,布满
Meet,相遇
All people,全民
tiger,老虎
Technical staff,技术人员
follow,追随
Stephen,史蒂芬
jump,跳跃
Lost,丢掉
average value,平均值
Belong to,所属
three times,三倍
Suffer,饱受
speaker,议长
European,欧洲人
most,多数
Double,一倍
applicant,申请者
physicist,物理学家
rumor,传闻
challenge,挑战性
medical insurance,医疗保险
begins at,起源于
on Sunday,星期日
Look after,照看
Several,几家
forestry,林业
princess,王妃
Thought,想过
step,一步
theft,盗窃
support,支援
fruit juice,果汁
Record,记载
Science & Technology,科学技术
disturb,打扰
living room,客厅
beam,光束
check,支票
Christmas tree,圣诞树
childbirth,分娩
Gunners,枪手
Cherish,珍惜
Increase,增高
traditional Chinese medicine,中药
rain,下雨
Sunnis,逊尼派
prior to,之前
Sold,售出
Added,新增
Minister,大臣
approximate,近似
Stanford University,斯坦福大学
No intention,无意
discharge,排出
Raise,筹集
service,服役
Amendment,修正案
elderly,老年
one day,一天
In front of,门前
beautiful,美的
Credible,可信
change into,转变成
Efficient,高效
Lung,肺部
Madrid,马德里
Chevron,雪佛龙
Ruined,毁掉
Plate,板块
dispute,争执
Like,犹如
Central government,中央政府
Kurdish,库尔德
Breast cancer,乳腺癌
host,主办
headset,耳机
Peak,山顶
deep,深处
Sewage,污水
measure,度量
Degenerate,变质
Santos,桑托斯
Goals,进球
Antioxidants,抗氧化剂
intuition,直觉
Trade deficit,贸易逆差
Neural Networks,神经网络
Deposits,矿床
Best-selling,畅销
withdraw,撤回
Jonathan,乔纳森
Travel,出行
with pleasure,荣幸
Market capitalization,市值
Surface,地表
tedious,乏味
considerable,可观
Passing,推移
Inclusive,包容
Kes,克斯
Twenty years,二十年
stroll,漫步
Behind the scenes,幕后
The book,该书
northeast,东北
Confidentiality,保密
Time and space,时空
astronomer,天文学家
Lead,率领
area,地域
First-line,一线
excess,过剩
globalization,国际化
middle Ages,中世纪
powder,粉末
Commanded,吩咐
purpose,宗旨
Weak,疲软
Listen,听听
conscious,自觉
Donate,捐助
Let you in,让你在
In the eyes,眼里
body temperature,体温
Cyprus,塞浦路斯
Assailants,袭击者
butt,屁股
Cluster,集群
late at night,深夜
pavement,路面
closely related,密切相关
orientation,取向
default,默认
Also said,还称
gel,凝胶
style,样式
Manager,经理人
Processing plant,加工厂
Cook,库克
monitor,显示器
Effective,成效
valley,山谷
oppression,压迫
shelter,庇护
Origin,出身
less than,少于
Hearing,听觉
developed,发达
Mid,中旬
Do business,做生意
topic,题目
Algeria,阿尔及利亚
After the war,战后
Intestinal,肠道
Can,所能
No,不得
contacts,往来
boxing,拳击
Amazing,厉害
Join,加盟
restraint,克制
surf,冲浪
prototype,原型
mask,面具
Cable TV,有线电视
sperm,精子
Zhejiang,浙江
dilution,稀释
Construction,承建
Body,身子
biological clock,生物钟
Panda,大熊猫
Click,单击
Workpiece,工件
Breeding,养殖
pillow,枕头
Expected,预料
Latin America,拉丁美洲
guitar,吉他
Critics,批评者
Not far,不远
Analysis,分析法
altitude,海拔
Constructed,建构
Control,操控
after,以后
Honda,本田
obey,听从
Mountains,山脉
Johannesburg,约翰内斯堡
Raise,加薪
Arizona,亚利桑那州
dialect,方言
Undergraduate,本科
flesh,肉体
Water,用水
Scott,斯科特
lease,租赁
Enter,进军
fare,票价
staff,职工
Childhood,小时候
Julie,朱莉
defeat,挫败
Remotely,远程
quantum,量子
Diplomatic relations,外交关系
argue,争辩
stable,安定
Lost,迷失
Iceland,冰岛
Electrical appliances,电器
change,变迁
continue,继续下去
This one,这条
semester,学期
Attractions,景点
Posing,摆在
Home page,主页
leader,首领
southwest,西南
Sculpture,雕刻
Virginia,维吉尼亚
Direct investment,直接投资
bag,袋子
Valentine's Day,情人节
personnel,人事
Foresight,预见
Back,背上
Theo,西奥
laughter,笑声
Nuclear facilities,核设施
foundation,地基
"Taiwan, China",中国台湾
smear,涂抹
Iteration,迭代
Thread,线程
build,兴建
So to speak,如是说
Come on,加油
Addicted,上瘾
schedule,日程
subscription,订阅
Questionnaire,问卷
Seattle,西雅图
Cameron,卡梅隆
One,一颗
assembly,装配
microscope,显微镜
Head,头顶
Clarke,克拉克
keep in touch,保持联系
Laura,劳拉
Destructive,破坏性
simple,单纯
prophet,先知
Trapped,被困
Public health,公共卫生
Railway,铁路线
contract,契约
Example sentences,例句
Limitations,局限
Global Finance,全球金融
tough,强硬
wood,木头
hell,地狱
End,尽头
Fascinated,着迷
dessert,甜点
News Agency,新闻社
Footprint,足迹
drive,驾车
Conception,构想
Annual income,年收入
Disorder,失调
announcement,公告
field,野外
nature,本性
Bathing,沐浴
Love,爱心
alarm,警报
maintenance,保养
peer,同龄人
Adaptability,适应性
Tsinghua University,清华大学
coat,上衣
coating,涂层
Load,荷载
grandson,孙子
among,当中
bad,恶劣
Beckham,贝克汉姆
peak,顶峰
Expression,表述
Nazi,纳粹
perfume,香水
gear,齿轮
turmoil,动乱
eve,前夕
Buddhism,佛教
The state,该州
Audiences,观众们
concert,音乐会
As usual,往常
Synergy,协同
Escape,逃跑
Ministry of Tourism,旅游部
Make mistakes,犯错
situation,事态
Decoration,装修
In place,到位
Sydney,悉尼
best seller,畅销书
Something,某件事
Incidence,发病率
Polling station,投票站
Homeless,无家可归
Invaded,侵入
notebook,笔记本
Right and wrong,是非
Talent,才华
Lane,车道
shock,震动
At home,在家
Earlier this year,今年年初
action plan,行动计划
villa,别墅
Get acquainted,结识
diving,潜水
Swallow,吞噬
congratulate,祝贺
Bus,巴士
seaside,海滨
Myanmar government,缅甸政府
Summit,首脑会议
Awe,敬畏
Mucus,粘液
Composites,复合材料
Titanic,泰坦尼克号
World Expo,世博会
Billionaire,亿万富翁
anonymous,匿名
Displacement,流离失所
foreign trade,外贸
Let,就让
Wharton,沃顿
Electronic equipment,电子设备
High price,高价
rent,出租
Irritated,激怒
opposite,对面
Since then,从那时起
State-owned enterprises,国有企业
perfusion,灌注
People have,人有
Antarctic,南极
Freight,货运
Corner,一角
Ruling,裁定
number,号码
pigment,色素
Down,下调
Never,绝不会
This sum,这笔
Benefit,获益
fighter,战斗机
settle down,定居
Match,相符
Dishes,菜肴
Stephen,斯蒂芬
stay,留下来
Dedication,奉献
Botswana,博茨瓦纳
Limbs,四肢
Both sides,两侧
set off,掀起
Satisfaction,满意度
Hold talks,举行会谈
Portrayed,刻画
declare,申报
desktop,桌面
Hypnosis,催眠
Senior year,大四
original,原文
Manica,马尼卡
Rose to,升至
Sensory,感官
Came,传来
marketing,市场营销
Decades,数十年
Appearance,露面
Strong,强势
convene,召集
Davis,戴维斯
Anthony,安东尼
tank,坦克
To spend,要花
House,屋子里
Chain stores,连锁店
Very strong,很强
grandfather,爷爷
riot,骚乱
dictator,独裁者
supply chain,供应链
Broadcasting company,广播公司
physics,物理学
vacancy,空缺
Checked,选中
notes,笔记
pornography,色情
Saul,索尔
Mind,脑海
Goodbye,再见
Lawrence,劳伦斯
Hormones,荷尔蒙
swimming pool,游泳池
The United States,美方
sociology,社会学
abortion,流产
Asia-Pacific,亚太地区
Southeast,东南部
Ministry of Defense,国防部
dolphin,海豚
collapse,倒塌
side effect,副作用
African continent,非洲大陆
Context,语境
temperament,气质
Malan,马兰
Costa,科斯塔
Clogged,堵塞
Body type,体型
picnic,野餐
Moustache,胡子
Fungus,真菌
Autism,自闭症
Accountant,会计师
Humanities,人文
external debt,外债
Think about it,想一想
Group companies,集团公司
When said,时称
Feasibility study,可行性研究
Infringement,侵害
Cortex,皮层
Unique,特有
Shocking,令人震惊
What you did,所作所为
Fraud,诈骗
philosopher,哲学家
Venture Capital,风险投资
Redeployment,调动
Misleading,误导
Oxford university,牛津大学
Both sides,两边
epidermis,表皮
ridiculous,可笑
Light,光芒
Midwest,中西部
Sexual behavior,性行为
Harry wave,哈利波
Miami,迈阿密
To,地为
isotope,同位素
Remove,去掉
Scientific research,科学研究
sorrow,悲哀
Claim,索赔
doubt,疑虑
silt,淤泥
abbreviation,缩写
imaginary,虚构
Keep up,跟上
Do your best,竭尽全力
Participate,参赛
Audit,审核
That one,那条
banknote,钞票
severe,严峻
Visit,出访
Early warning,预警
Yearning,向往
baby,宝贝
Operators,经营者
transsexual,变性
Donor countries,捐助国
sculpture,雕塑
towel,毛巾
insult,侮辱
Coalition government,联合政府
peaceful,宁静
French,法国人
Showing,展现出
vegetation,植被
Dependency,依赖性
Cow,奶牛
boiler,锅炉
gradient,梯度
balcony,阳台
reduction,还原
Dos Santos,多斯桑托斯
Out the window,窗外
member,构件
Phillip,菲利普
Men,手下
Killed,遇难
low cost,低成本
Massachusetts,马萨诸塞州
Decline,衰落
Take away,拿走
easy,轻而易举
free trade,自由贸易
same,同一
Oath,宣誓
mouth,嘴巴
Optimal,最优
Detained,关押
football,橄榄球
Rule of law,法治
family member,家庭成员
demon,恶魔
Census Bureau,普查局
Indians,印第安人
North-South,南北
Rated as,评为
One side,一侧
Painting,画作
bleed,流血
Reinforced,钢筋
Before and after,前后
glacier,冰川
recession,不景气
detector,探测器
Front,前方
Foot,脚下
Greetings,问候
Promotion,升职
Foreign exchange,外汇
Help,求助
Malnutrition,营养不良
Beaten,殴打
pollen,花粉
Chengdu,成都
pessimistic,悲观
polymer,聚合物
Lead to,通向
subconscious,潜意识
Sign up,报名
toe,脚趾
overweight,超重
Between,介于
blood sugar,血糖
The port,该港
catalytic,催化
Sith,西斯
Rate is,率为
induction,归纳
The area,该区
index,索引
Kibaki,齐贝吉
Hoarding,囤积
Escape,逃脱
Pressure,施压
casualties,伤亡
University of California,加州大学
Resigned,辞去
Atlanta,亚特兰大
Tony,托尼
discuss,商讨
adoption,收养
northwest,西北
Hydraulic,水力
Strawberry,草莓
Nearby,邻近
location,所在地
precious,珍贵
Poisoning,中毒
irrigation,灌溉
Athens,雅典
bad news,坏消息
Limited to,限于
Billions of dollars,数十亿美元
Kerr,克尔
postal,邮政
clarify,澄清
Alienated,疏远
Protest,抗争
up and down,上下
Bottom line,底线
Lucy,露西
Marx,马克思
Torah,托拉
Empirical,实证
Warned,告诫
queue,队列
Mitt,米特
mysterious,神秘
Reproduce,再现
singing,歌唱
Reunion,团聚
Call the police,报警
carrot,胡萝卜
Head office,总行
Guangxi,广西
Converted into,转换成
message,讯息
rent,房租
realm,境界
Overview,概述
alone,孤单
export country,出口国
Boolean,布尔
at night,夜里
Confucius,孔子
Make,制订
blood type,血型
People's Republic of China,中华人民共和国
grid,网格
Purification,净化
Strain,菌株
Lymph nodes,淋巴结
Popular,盛行
Reputation,信誉
Alice,爱丽丝
poster,海报
Through,贯穿
Personal information,个人信息
law enforcement,执法
Reference,参照
hand over,交出
Sibs,同胞
Commissioner,专员
Verification,核查
Students,学员
American company,美国公司
Care,照料
locking,锁定
Walk around,走动
State University,州立大学
Open out,开出
Wind power,风力
surface layer,表层
boy,男孩子
Colonel,上校
Relations between the two countries,两国关系
Seven years,七年
maximize,最大化
Reagan,里根
Migration,迁徙
Duke,公爵
Young man,小伙子
stadium,体育馆
end,终点
cabin,小屋
headache,头疼
Wales,威尔士
account number,账号
PR,公关
sound,健全
Cartoon,卡通
extrusion,挤压
chopsticks,筷子
hire,聘请
gem,宝石
Defender,后卫
Beast,野兽
Set at,定于
barbecue,烧烤
Bright,布莱特
Midfielder,中场
Sheets,床单
Holding company,控股公司
activation,活化
Xinjiang,新疆
locomotive,机车
Solvent,溶剂
Casting,铸造
Insisted,坚称
Research,调研
Peacekeeping forces,维和部队
pioneer,先锋
One trillion dollars,万亿美元
creed,信条
The article,该文
Morris,莫里斯
West Bank of Jordan,约旦河西岸
Thirty years,三十年
Average,平均水平
apartheid,种族隔离
famous,知名
Valuation,估值
truck,货车
Block,阻挡
Supplies,用品
cucumber,黄瓜
World,天下
Rebellion,叛乱
space station,空间站
Ambition,野心
programmer,程序员
puberty,青春期
halfway,中途
about,左右
Can be called,堪称
millionaire,百万富翁
Otherwise,另有
stretch,伸展
according to,根据
Cultivation,栽培
Retrieve,检索
Pregnant,怀着
Meaningless,毫无意义
Vomit,呕吐
Indispensable,不可或缺
parallel,并行
Potential,潜能
chin,下巴
do not forget,别忘了
bladder,膀胱
Disadvantages,弊端
defamation,诽谤
right,右边
arouse,唤起
touch,触及
Rice said,赖斯说
metaphor,隐喻
graphite,石墨
Cooperation projects,合作项目
Alec,亚历克
Sinopec,中石化
Extract,提取物
Site,位点
Create,造就
Soaring,高涨
Doomed,注定
A batch,一批
Persuasive,说服力
per month,每月
Heaven,天上
Shelve,搁置
Relief,减免
Give it back,还给
lemon,柠檬
Face,脸部
Rapid growth,快速增长
Experience,经验丰富
Get it,拿来
One hundred million people,亿人
Intention,意在
make friends,交友
Biased,偏向
defensive,防卫
Senegal,塞内加尔
Wet,潮湿
remains,遗体
Participants,与会者
Restart,重启
Niah,尼亚
World Food Program,世界粮食计划署
soft,柔和
Write down,记下
Judges,评委
The bottom,底层
Drive,驱使
Mortgage,按揭
evaporation,蒸发
negative,阴性
noodles,面条
Two categories,两类
reason,缘故
Visit China,访华
Mountain,山地
swelling,肿胀
Kelly,凯利
Katie,凯蒂
Law,律法
Inflated,充气
There is significant,有显
Reservoir,水库
Tianjin,天津
Font,字体
Pete,皮特
Gomez,戈麦斯
College entrance examination,高考
Significance,显着性
forest,树林
Enjoy the year,享年
fall into,落入
African Union,非洲联盟
Handheld,手持
infer,推断
Law school,法学院
summit,首脑
As a,出任
reasoning,推理
preference,偏爱
Resolution,分辨率
telephone number,电话号码
Wording,措辞
Two,两项
composer,作曲家
seaside,海边
Buttocks,臀部
Sensitivity,敏感性
baptism,洗礼
Indian government,印度政府
think about it,考虑一下
Pointed,指着
Exxon,埃克森
pillar,支柱
rumor,谣言
twin,双胞胎
negligible,微不足道
Number of votes,票数
law,定律
buffer,缓冲
Satisfactory,令人满意
Stationed,驻扎
nuclear reactor,核反应堆
medical insurance,医疗保健
pesticide,农药
Reform and Opening,改革开放
envy,羡慕
granite,花岗岩
beginning,开端
marrow,骨髓
Copy,副本
leather,皮革
Social Security,社会保障
100 million yuan,亿元
grandmother,奶奶
groundwater,地下水
University graduate,大学毕业
Three people,三人
radiation,放射
legitimate,合法
One,一根
Tone,口气
ambition,抱负
Exhausted,耗尽
the Middle East,中东地区
Respect,敬意
Drive away,赶走
Growing,日益增长
Superstar,巨星
Late,晚期
HIV,艾滋病毒
Give a,举个
the day before,前一天
accuracy,准确性
Studying,攻读
Of course,理所当然
vacuum,真空
Gym,健身房
Mosquito,蚊子
car,车厢
Kuomintang,国民党
Work,打工
Bernanke,伯南克
whale,鲸鱼
Surprisingly,出人意料
meticulous,细致
The point,地步
Boarding,寄宿
Sri Lanka,斯里兰卡
product quality,产品质量
Field,菲尔德
family planning,计划生育
Security,安全感
Open,开着
Coke,可乐
Key words,关键词
jungle,丛林
camp,阵营
murderer,凶手
dawn,黎明
Business trip,出差
glucose,葡萄糖
Bale,打包
Follow-up,随访
Make a,打个
Out,抽出
Contaminants,污染物
he believe,他信
Blind date,相亲
Yao Ming,姚明
Load,载荷
Ladies,女士们
Neil,尼尔
left,左边
Benefit from,得益于
bottleneck,瓶颈
Alumni,校友
In the place,中所
smokes,抽烟
Tactics,战术
swamp,沼泽
Sounded,响起
Father,神父
Keep it,保住
Weeds,杂草
Business,经商
Kind of,有种
pasture,牧场
disturb,扰乱
weekly,周刊
Thorny,棘手
Private Sector,私营部门
eager,急于
diploma,文凭
Guest,嘉宾
embassy,使馆
waste time,浪费时间
icon,图标
Toronto,多伦多
Grants,补助
Religious beliefs,宗教信仰
balanced,均衡
Brain,脑子里
appearance,模样
End of the year,年末
positive,正面
stainless steel,不锈钢
modified,改性
function,机能
GAS,加油站
Watch,观赏
camouflage,伪装
gentleman,绅士
Explain,阐释
cornea,角膜
curiosity,好奇心
fingerprint,指纹
Fundamental,基本原理
limitation,局限性
Children,患儿
Total investment,投资总额
Macao SAR,澳门特区
